0,ุจูุงุฑ ุณุงูุงูู ุดุฑู,NULL,ูู ุจุฑุง ูุตุงุญุจู ุง ุจฺฉ ุงูุฏ ุฏููููพุฑ ุฏุฑ ุจูุงุฑ ุณุงูุงูู ุฑูุชู ุจูุฏู ..ต ุฏููู ุง ุฒูุฏุชุฑ ุฑุณุฏู ฺฏูุชู ุจุฑู ุทุจูู ุง ฺูุงุฑู ุจุฎุด ูุฑู ุงูุฒุงุฑ ุฑูุชู ุจู ูุญุถ ูุงุฑุฏ ุดุฏู ฺูุฏ ููุฑ ุขุฏู ุจูุฏู ฺฉู ุฏุงุดุชู  ุงูฺฏุงุฑ ุจุงุฒ ู ฺฉุฑุฏู ฺฏูุชู ุจุฑุง ูุตุงุญุจู ุง ุงููุฏู ฺฏูุชู ุจุฑู ุฏุงุฎู ุงุชุงู ..ุงุชุงูู ุงุชุงู ูุตุงุญุจู ูุจูุฏ ุงุชุงู ุจุฑูุงูู ูุฏุฑ ุจุฑูุงูู ููุณ ุจูุฏ ฺฉู ุฏู ุชุง ุตูุฏู ูู ฺฏุฐุงุดุชู ุจูุฏู ูู ฺฉุด ุดูู ูุดุณุชู ุงุตูุง ูุณ ุชู ูุณ ูุจูุฏู ู ูุฑู ุฏุงุฏู ฺฉู ุงุทูุงุนุงุชุชูู ุฑู ูพุฑ ฺฉูุฏ ููู ูุฑู ุฑู ฺฉู ุฏุฏู ฺฉุงุฑ ุฏุณุชู ุงููุฏ ฺฉู ุดุฑฺฉุช ฺู ุฌูุฑ ูุณุชุด ฺฉู ุฎูุฏุฏู ุดุฑูุน ฺฉุฑุฏู ุจู ูพุฑ ฺฉุฑุฏู ฺูู ุงุตูุง ุงุชุงู ูุตุงุญุจู ุง ูุจูุฏ  ุฌุง ูุจูุฏ ุจุฒุงุฑู ูุฑูู ูพุฑ ฺฉูู ุจู ุฏูุชุฑ ุจูุฏ ฺฏุฐุงุดุชู ุฒุฑุด ุฑู ูพุงูุงู ูพุฑุด ฺฉุฑุฏู .ุจุนุฏ ฺฏูุชู ฺฉู ุงุฒ ุฎูุฏุชูู ุจฺฏู ฺฉู ุญุฑู ุฒุฏู  ุชุนุฏุงุฏ ุณูุงู ูู ูพุฑุณุฏู ุจุนุฏ ููู ุณูุงูุงุช ูพุฑุณุฏู .ุฌุงูุจู ุงูู ุจฺฏู ุฏุฑ ุทูู ูุญุงุตุจู ฺฉ ุจู ูุญุงุตุจู ฺฉููุฏู ุจุง ุงููู ุฑูุช ู ฺูุฏ ุจุงุฑ ู ุงูุง ุงููุฏ ุฏุฑู ุจุงุฒ ฺฉุฑุฏ ูุณุงู ุจุฑุฏุงุดุช ุญุฑู ุฒุฏู ุฑูุช ูู ุฏฺฏู ุดูฺฉู ุดุฏู ุจูุฏู  ุงุฒ ุงู ฺฉุงุฑ ู ุจุนุถ ุงุฒ ุณูุงูุงุช ฺฉู ุฏุงูุดุฌู ูุณุชู ุง ุณุงุจูู ุง ฺฉุงุฑุชูู ฺฉุฌุง ุฑู ุฏุงุฑู ุง ุญุช ุงุณูุชูู ฺู ...ฺฏูุชู ุจุฑู ูพุด ูุฏุฑ ูุฑู ุงูุฒุงุฑ ุดุฑฺฉุช ุงููู ุณูุงูุงุช ูุงููุฏ ุฏุงูุดุฌู ูุณุชู ฺูุฏุฑ ุญููู ูุฏ ูุธุฑุชูู ุชู ุดุฑฺฉุช ูุจู ฺูุฏุฑ ู ฺฏุฑูุชู ุณุงุจูู ุง ฺฉุงุฑ ุฏุงุฑู ุง ูู ูููุฏู ฺฉู ุงุตูุง ูฺ ฺฉุฏููุดูู ุฑุฒููู ุฑู ูุฎููุฏู ุจูุฏู .ฺฏูุชู ุงูฺฉ ุจุงูุงุชูู ุชูุงุณ ู ฺฏุฑู ูุตุงุญุจู ุง ฺฉูุง ู ุณุงุนุช ุทูู ูฺฉุดุฏ ุงูู 50 ุฏููู ุงู ุงฺฉุซุฑุง ููู ุงููุฑ ุงูู ูุฑ ู ุฑูุชู ..ุฌูุน ุจูุฏ ฺฉูู ุดุฑฺฉุช ุฎูุจ ุจู ูุธุฑ ูู ุฑุณุฏ ุญุฏุงูู ฺุฒ ฺฉู ูู ุฏุฏู ุงููุฌุง,https://jobguy.ir/interview/26/backend-developer
0,ุจูุงุฑ ุณุงูุงูู ุดุฑู,"
            ฺฏุฑุงูุณุช ู ุทุฑุงุญ ุฑุงุจุท ฺฉุงุฑุจุฑ
          ",ูู ฺุฒ ุชู ุฑููุฏ ฺฉุงุฑ ุงุฏ ูฺฏุฑู ูู ุจุฑุฎูุฑุฏุดูู ููุงุณุจู. ุญููู ฺฉู ุงูุชุถุงุญ ูุฏู ูุนุฏู ุจูู ุชฺฉูู ูุฏู ุงูุง ุงูฺฉูู. ูพุง ุจูุฏ ุจู ูุฑุงุฑ ุฏุงุฏ ูุณุชู. ูุฏุฑ ูู ฺฉู ุณู ู ุจ ุงุฏุจ ู ุฏุฑูุบฺฏู ุฏุงุฑู ฺฉู ุญุณุงุจ ูู ุญุฑูุด ูุฑู. ุดุฑฺฉุช ูพุฑ ุงุฒ ุญุงุดู ู ุฎุงูู ุฒูฺฉ ุจุงุฒู. ููุงุชุง ูู ูููุน ุชุตูู ุญุณุงุจ ุชุง ูุชููู ุงุฐุช ูฺฉูู โู ุจุนุฏ ุณู ูุงู ุจุง ุชุงุฒู ฺฺฉ ูุฏุช ุฏุงุฑ ูุฏู ุงููู ูุจูุบ ูุบุงุฑุช ุฏุงุฑู ุจุง ฺุฒ ฺฉู ุจุงุฏ ุจุฏู. ูุฏุฑ ููุงุจุน ุงูุณุงู ูู ฺฉู ุฏุฑูุบฺฏู ู ุจ ุงุฏุจ. ุฏุฑ ฺฉู ฺฉูุงูุจุฑุฏุงุฑู ุงฺฉุซุฑุง ููู ูู ุจุง ุฏุนูุง ุดุฑฺฉุช ุฑู ุชุฑฺฉ ูฺฉูู.ย,https://jobguy.ir/review/475/%DA%AF%D8%B1%D8%A7%D9%81%DB%8C%D8%B3%D8%AA-%D9%88-%D8%B7%D8%B1%D8%A7%D8%AD-%D8%B1%D8%A7%D8%A8%D8%B7-%DA%A9%D8%A7%D8%B1%D8%A8%D8%B1%DB%8C
0,ูฺุณุชุงู,NULL,ุงูู ฺฉู ุฒูฺฏ ุฒุฏู ุขุฏุฑุณ ุฏุงุฏู ฺฉู ุทูู ฺฉุดุฏ ุชุง ูพุฏุงุดูู ฺฉุฑุฏู.ฺูู ูู ูพูุงฺฉ ุฏุงุดุช ู ูู ุชุงุจูู... ุจุนุฏ ฺฉู ุฑูุชู ุฏุงุฎู ฺูุฏ ููุฑ ฺฉุณุท ุณุงูู ุฏุงุดุชุชู ูุงูุงุฑ ูุฎูุฑุฏู ู ุขุฏู ููุฐุจ ุจูุฏ.ุจุนุฏ ุงููุฏู ูุฑู ุฏุงุฏู ูพุฑฺฉุฑุฏู. ุจุนุฏ ุงุฒ ูู ุณุงุนุช ูุนุทู ฺฏูุชู ุจุงุฏ ุจุฑุง ูุตุงุญุจู. ุจุนุฏ ุงุฒ ูู ุณุงุนุช ูุตุงุญุจู ูุณุฎุฑู ู ุงู ฺฉู ฺฉุงุฑุชูู ุจุง ู ุญููู ุซุงุจุช ู ูพุงุฏุงุด ูุณุช ู ุญููู ุจู ุนููฺฉุฑุฏุช ุจุณุชฺฏ ุฏุงุฑู ุฺฏูุชู ุชูุงุณ ูฺฏุฑู ุงฺฏุฑ ูุจูู ุดุฏุฏโ. ุจุนุฏ ุงุฒ ุญุฏูุฏ ฺฉ ููุชู ุฒูฺฏ ุฒุฏู ุดูุง ูุจูู ุดุฏุฏ ู ุจุงุฏ ุจุฑุง ุขููุฒุด ู ุชู ุฌูุณู ุขููุฒุด ฺฉู ุงุฒ ุฎูุฏุดูู ุชุนุฑู ฺฉุฑุฏู ู ู ุณุฑ ูฺฉุงุช ุจุฏู ฺฉู ูุฑ ฺฉุงุฑุดูุงุณ ูุนูุงุฑ ฺฉู ฺู ุนุฑุถ ฺฉูู ุญุช ูุงุฏุฑุจุฒุฑฺฏ ููู ุจูุฏู ุฑู ุชูุถุญ ุฏุงุฏู. ูู ฺูู ู ฺฉุงุฑ ูพุด ุงููุฏ ุนุฐุฑ ุฎูุงู ฺฉุฑุฏู ู ฺฏูุชู ุจุงุฏ ุฒูุฏุชุฑ ุจุฑู ู ฺฏูุชู ูุดฺฉู ูุณุช ู ุจุนุฏุง ุชูุงุณ ูุณฺฏุฑู ุจุฑุง ุงุฏุงูู ุฌูุณุงุช ู ฺฉ ูุฑู ูพูุฌ ุตูุญู ุง ุชุนูุฏ ฺฏุฑูุชู. ุจุนุฏ ุงุฒ ฺฉ ุณุงู ูู ฺฉู ูููุฒ ุชุฏุดูู ุฑูุชู ุฒูฺฏ ุจุฒูู๐๐,https://jobguy.ir/interview/97/%D8%B4%D8%B1%DA%A9%D8%AA-%D9%86%D8%A8%D9%88%D8%AF-%D8%A8%DB%8C%D8%B4%D8%AA%D8%B1-%D8%AE%D9%88%D9%86%D8%B4%D9%88%D9%86-%D8%A8%D9%88%D8%AF
0,ูฺุณุชุงู,"
            ูุญุท ฺฉุงุฑ ุฌุฏ
          ",ุญุฏูุฏ 2 ุณุงู ูุณุช ฺฉู ุฏุฑ ุงู ุดุฑฺฉุช ูุดุบููู -ย ุณุงู ฺฏุฐุดุชู ุญุฏูุฏ 3 ูุงู ุดุฑฺฉุช ูุดฺฉู ุจูุฏุฌู ุง ุฏุงุดุช ู ูพุฑุฏุงุฎุช ูุง ุจู ูููุน ูุจูุฏ ู ุฎู ุงุฐุช ุดุฏูย ุจุนุฏุด ุชุง ุงูุงู ุญููู ูุง ุณุฑููุช ูพุฑุฏุงุฎุช ุดุฏูย ูุฏุฑุช ุงูุฌุง ุฌุฏ ู ุณุฎุชฺฏุฑุงูู ุณุช - ฺฉุณุงู ฺฉู ุนุงุดู ฺฉุงุฑ ฺฉุฑุฏู ูุณุชู ู ุฏูุณุช ุฏุงุฑูุฏ ุจุง ูุณุงุฆู ุฑูุจู ุฑู ุจุดู ู ุจุฑุง ุญูุดูู ุชูุงุด ฺฉูู ุงูุฌุง ูุชููู ุฏููู ุจุงุฑู ู ุชุง ุฏูุชูู ุจุฎูุงุฏ ูุฏูู ุฏุงุฑู ุจุฑุง ฺฉุดู ู ูพุดุฑูุช ู...ย ยูู ูุฑุงูุจ ุชุนุงุฏู ฺฉุงุฑู ุฒูุฏฺฏ ุชูู ุจุงุดู ุงูุฌุง ุงูุฌูุฑู ฺฉู ูู ูุจู ุบุฑู ุดุฏ ุชู ฺฉุงุฑู ฺูุฏ ูุงู ูุณุช ููุท ุฐููุช ุฏุฑฺฏุฑ ฺฉุงุฑู ุญู ูุณุฆูู ูุงุณุช. ูููุชุฑู ฺุฒ ฺฉู ุงูุฌุง ุงุฏ ฺฏุฑูุชู ุฌุฏ ุจูุฏู ู ุฌุฏ ุจูุฏู ู ุฌุฏ ุจูุฏููย ูู ุงูุฌุง ุฑู ุฏูุณุช ุฏุงุฑู ู ุจูุดูู ุงูุชุฎุงุฑ ูฺฉููย,https://jobguy.ir/review/672/%D9%85%D8%AD%DB%8C%D8%B7-%DA%A9%D8%A7%D8%B1-%D8%AC%D8%AF%DB%8C
0,ูฺุณุชุงู,"
            ุถุนู ุฏุฑ ูุฑฺุฒ ฺฉู ููฺฉูู
          ",ูู ุจุดุชุฑ ุงุฒ ฺฉุณุงู ุจุง ุงู ุชู ฺฉุงุฑ ฺฉุฑุฏู. ูฺฉุฑ ูฺฉูู ุฏุงุฑู ฺฉุงุฑ ููู ุงูุฌุงู ูุฏู ูู ุฏุฑ ุงุตู ูฺ ฺฉุงุฑ ููฺฉูู. ูฺ ฺฉุณ ุงูุฌุง ูุฑุงุฑ ูุณุช ูพุดุฑูุช ุจฺฉูู. ููุฏูุง ฺฉุงุฑ ฺฉู ุฏุงุฑู ุงุตูุง ุจู ูฺ ุฏุฑุฏ ููุฎูุฑู ุจุฑุง ุขูุฏู. ุงููุช ุดุบู ุงูุชุถุงุญ ูุฏุงู ุชูุฏุฏ ูฺฉูู ฺฉู ุงุฎุฑุงุฌ ูฺฉูู ฺฉุงุฑููุฏุงุดูู ุฑู. ฺฉูุชุฑู ุญููู ููฺฉู ุฑู ุจุง ููุช ุจุง ฺฉ ูุงู ุชุงุฎุฑ ูุฏู ู ููุดู ูู ุงุฒ ุณุฑ ู ุชู ุญูููุช ุนู ุขุจ ุฎูุฑุฏู ูุฒูู. ูฺ ููุช ุดูุง ูุฎูุงูุฏ ูููุฏ ุชู ุงู ุดุฑฺฉุช ฺู ฺฉุงุฑู ูุณุชุฏ ุจู ุจูุงูู ุงุฑุชูุง ููุท ุงุฒ ฺฉุงุฑููุฏุงุดูู ฺฉุงุฑ ูฺฉุดู. ุงุตูุง ุจู ุฒูุฏฺฏ ุจุฑูู ุดุฑฺฉุชุช ุงููุช ููุฏู ู ุงูุชุธุงุฑ ุฏุงุฑู ุฏุฑ ฒด ุณุงุนุช ฒต ุณุงุนุช ุจุฑุงุดูู ฺฉุงุฑ ฺฉู ุชุง ูพุดุฑูุช ฺฉูู ู ุจุงู ุจุฒูู ุฏุฑ ุญุงู ฺฉู ูุงูุง ุชู ูุฏุช ฺฉู ูู ุจูุฏู ูู ุชููุง ุจุงู ูุฒุฏู ุจูฺฉู ุจุง ุงู ูุฏุฑุงุดูู ููุด ุฏุฑ ุญุงู ุณููุทู. ุงูู ุจฺฏู ฺฉู ฺฉุงุฑููุฏุงุดูู ุนู ฺฉุณ ูุทุงูุนุงุช ูุณุชู ฺฉู ูุฑฺฉ ุชู ุฎูุงุจ ู ุงุฏู ุฑู ูพุฑุฏุงุฒุด ฺฉูู ูุฑุฏุงุด ูุงุฏ ูพุงุฏู ุด ูฺฉูู,https://jobguy.ir/review/696/%D8%B6%D8%B9%D9%81-%D8%AF%D8%B1-%D9%87%D8%B1%DA%86%DB%8C%D8%B2%DB%8C-%DA%A9%D9%87-%D9%85%D9%85%DA%A9%D9%86%D9%87
0,ูฺุณุชุงู,"
            ูุฏุฑูุช
          ",ุงูู ุดุฑูุช ูุชุงุณูุงูู ุจู ุญุฏู ุถุนู ูุฏุฑูุช ุฏุงุฑู ูู ุญุงูุง ุญุงูุงูุง ูุฑุงุฑ ููุณุช ุงุชูุงู ุฎูุจูุฑู ุจุดู ุฏูุฏ ุจุฑุงู ูุงุฑููุงู ุดุฑูุช,https://jobguy.ir/review/341/%D9%85%D8%AF%D8%B1%D9%8A%D8%AA
0,ุขุณู,"
            ุนุฏู ููุงููฺฏ ู ูุจูุฏ ุณุฑูุงู ฺฏุฐุงุฑ
          ",ูุจูุฏ ุณุฑูุงู ฺฏุฐุงุฑย ุจุฒุฑฺฏ ููุง ู ุฏูุฑ ุงูุฏุด ูุง ุจุฒุฑฺฏ ุนุฏู ูพุฑุฏุงุฎุช ูุง ุจู ูููุน ุจูู ุงุฌุจุงุฑ ุนุฏู ูพุดุฑูุช ุดุบู ู ุฏุฑ ุตูุฑุช ูุงุฒ ุฌุงฺฏุฒู ุณุฑุน ุดูุง ุนุฏู ูพุฑุฏุงุฎุช ุจู ูููุน ุญูููย ูุจูุฏ ุชุฌุฑุจู ฺฉุงู ูุฏุฑุชย ุชุฑุฌุญุง ุจุฑุฏ ู ุดุฑฺฉุช ุจุฒุฑฺฏ ู ุง ฺฉุณุจ ู ฺฉุงุฑ ุฎูุฏุชูู ุฑู ุฏุงุดุชู ุจุงุดุฏย,https://jobguy.ir/review/504/%D8%B9%D8%AF%D9%85-%D9%87%D9%85%D8%A7%D9%87%D9%86%DA%AF%DB%8C-%D9%88-%D9%86%D8%A8%D9%88%D8%AF-%D8%B3%D8%B1%D9%85%D8%A7%DB%8C%D9%87-%DA%AF%D8%B0%D8%A7%D8%B1
0,ูฺุณุชุงู,"
            ุนุฏู ูุฏุฑุช ุฏุฑ ุงู ุดุฑฺฉุช
          ",ุญููู ูุง ฺฉุงููุง ุจ ูููุน ู ุฏุฑ ุฏุงุฏู ู ุดูุฏ ุจุฑุฎูุฑุฏ ูุฏุฑุงู ุดุฑฺฉุช ููุงุณุจ ูุณุช ุชุฌุฑุจู ุฏฺฏุฑุงู ุฑุง ูุฌุฏุฏุง ุชุฌุฑุจู ู ฺฉููุฏ ุนุฏู ุขฺฏุงู ุจู ุดุฑุงุท ฺฉุงุฑ ฺฉุงุฑููุฏุงู ู ูุดุงุฑ ฺฉุงุฑ ูุงูุนููู ุนุฏู ุฑุณุฏฺฏ ุดุฑฺฉุช ุจู ูพุดููุงุฏ ฺฉุงุฑููุฏุงู ุจุฑุง ุงุฑุชูุง ุณุทุญ ฺฉุงุฑ,https://jobguy.ir/review/342/%D8%B9%D8%AF%D9%85-%D9%85%D8%AF%DB%8C%D8%B1%DB%8C%D8%AA-%D8%AF%D8%B1-%D8%A7%DB%8C%D9%86-%D8%B4%D8%B1%DA%A9%D8%AA
0,ฺฉุณุง,"
            ฺฉุงุฑุดูุงุณ ูุฑูุด
          ",ูู ฺฉูุงู ุชุฌุฑุจู ฺฉุงุฑ ุฏุฑ ุงู ุดุฑฺฉุช ุฏุงุดุชู. ุฒูุงู ฺฉู ุฌุฐุจ ุดุฏู ุดุฑุงุท ุญููู ุฑุง ุฌูุฑ ุฏฺฏู ุง ุจุงูุงู ุจุณุชู ุจุนุฏุง ุฒุฏู ุฒุฑ ุญุฑูุดูู... ูุฌููุนู ฺฉู ฺฉูุง ุฏู ุณู ููุฑ ุจุดุชุฑ ูุณุชูุ ูุฏุฑุช ุดุฑฺฉุช ุงุตูุง ุชุฌุฑุจู ูุฏุฑุช ุตุญุญ ูุฏุงุฑุฏ ู ูุฑ ฺฉุณ ฺฉู ูุฎุงุฏ ุจุง ุงู ุดุฑฺฉุช ูุฑุงุฑุฏุงุฏ ุจุจูุฏุฏ ุจุงุฏ ูููู ุงูู ฺฉุงุฑ ูุทุน ฺฉูู ฺูู ุงุตูุง ุงุฒ ุงูู ุฏุณุชู ุขุฏููุง ูุณุชู ฺฉู ุจู ุญุฑูุดูู ุจุดู ุงุนุชูุงุฏ ฺฉุฑุฏ ุจุนุฏ ูุฒูู ุฒุฑ ุญุฑูุดูู. ุงูุชุธุงุฑุงุช ุจ ูพุงู ู ุงุณุงุณ ุจุฏูู ุขฺฏุงู ุฏุงุฑู. ุธุงูุฑุง ุงูุฌูุฑ ฺฉู ูููุฏู ูุฑ ุฏูุนู ูุฑู ฺูุฏูุงูู ูฺฏุฑู ุชุง ฺฉุงุฑุดูู ูพุด ุจุฑู . ูู ุฎูุฏู ุจุนุฏ ุงุฒ ฺฉูุงู ุจุฎุงุทุฑ ุนุฏู ุชุนุงุฏู ุฏุฑ ุฑูุชุงุฑ ู ฺฏูุชุงุฑุดูู ุจุงูุงุดูู ูุทุน ููฺฉุงุฑ ฺฉุฑุฏู ู ุญููู ฺฉูุชุฑ ุงุฒ ุขูฺู ฺฉู ุจุงูุงู ุจุณุชู ุจูุฏู ฺฏุฑูุชู.ย,https://jobguy.ir/review/172/%DA%A9%D8%A7%D8%B1%D8%B4%D9%86%D8%A7%D8%B3-%D9%81%D8%B1%D9%88%D8%B4
0,ฺฉุณุง,"
            ุดุฑฺฉุช ุฎู ุฎูุจู
          ",ูู 4 ูุงู ุฏุฑ ุงู ุดุฑฺฉุช ฺฉุงุฑ ฺฉุฑุฏู ุงูุจุชู ุณุงู ูุจูุดู ฺูุฏ ูุงู ุจู ุตูุฑุช ูพุงุฑู ููุช ูุฑูุชู ูู ูุฏุฑ ุนุงูู ุฎู ุฎูุจ ุฏุงุฑู ุงุฒ ูุญุงุธ ุงุฎูุงู ู ฺฉุงุฑ ู ูู ุญููู ุณุฑ ุชุงู ุฏุงุฏู ูู ุจู ุนูุช ุฏุฑุณู ูุดุฏ ุจุฑู,https://jobguy.ir/review/332/%D8%B4%D8%B1%DA%A9%D8%AA-%D8%AE%DB%8C%D9%84%DB%8C-%D8%AE%D9%88%D8%A8%DB%8C%D9%87
0,ุชุฏุจุฑ ฺฉุด ูุฑุง,"
            ุจุฑูุงูู ููุณ Front End
          ",ูู ุชุงุฒู ุงุฒ ุฎุฏูุช ุณุฑุจุงุฒ ุชูุงู ุดุฏู ุจูุฏ ู ูุจูุง ุจู ูุฏุช 4 ุณุงู ุฏุฑ ฺฉุงุฑ ุชุนูุฑุงุช ุจุฑุฏูุง ุงูฺฉุชุฑููฺฉ ู ูุณุงู ุงุงฺฉุชุฑููฺฉ ฺฉุงุฑ ฺฉุฑุฏู ุจูุฏู ุฏุฑ ุทูู ุฎุฏูุช ุชุณูุท ุฎูุจ ุจุฑ ุฑู CSS3 /HTML /Java script/Jquery/Git ูพุฏุง ฺฉุฑุฏู ุจุฏูุจุงู ฺฉุงุฑ ุจูุฏู ฺฉู ฺุฒ ฺฉู ุจุฑุง ูู ููู ุจูุฏ ุงู ุจูุฏ ฺฉู ุจูู ุฏุงุดุชู ุจุงุดู  ุงูุงู ูุงุฑุฏ ุงู ุดุฑฺฉุช ุดุฏู ูพุฏุง ฺฉุฑุฏู ู ุธุฑู ฺฉ ูุงู ุงูู ุจูู ุจุฑุง ูู ุฑุฏ ุดุฏ ู ูุฏุฑ ููู ุงูุนุงุฏู ุจุงุณูุงุฏ ู ูุงูุฑ ุฏุงุฑุฏ ู ุงุฒ ูุดุชุฑ ูุง ุจุณุงุฑ ุฎูุจ ู ุจุฒุฑฺฏ ุฏุงุฑุฏย ฺฉู ูุดูู ูุฏู ุนููฺฉุฑุฏ ุดุฑฺฉุช ูุซุจุช ูุณุชุด,https://jobguy.ir/review/428/%D8%A8%D8%B1%D9%86%D8%A7%D9%85%D9%87-%D9%86%D9%88%DB%8C%D8%B3-front-end
0,ุชุฏุจุฑ ฺฉุด ูุฑุง,"
            ฺฉุงุฑ ุขููุฒ ู ุจุฑูุงูู ููุณ
          ",ูู ุฏุฑ ุงุจุชุฏุง ุจุง ฺฉุงุฑุขููุฒ ุดุฑูุน ฺฉุฑุฏู ู ุงูุงู ุฎู ฺุฒ ูุง ุงุฏฺฏุฑูุชู ู ุจู ุญููู ูุฏ ูุธุฑู ุจูุฏ ุฑุณุฏู ,https://jobguy.ir/review/340/%DA%A9%D8%A7%D8%B1-%D8%A2%D9%85%D9%88%D8%B2-%D9%88-%D8%A8%D8%B1%D9%86%D8%A7%D9%85%D9%87-%D9%86%D9%88%DB%8C%D8%B3
0,ุขูุง ููุฑุงู ููุดููุฏ ูพุงุฑุณ (ุนุฏุฏ),NULL,ูู ุขฺฏู ุงุณุชุฎุฏุงู ุดุฑฺฉุช ุฑู ุชู ฺฉุงูุงู ุชูฺฏุฑุงูย ุฌุงุฏ ุฏุฏู ู ุฑุฒููู ูุฑุณุชุงุฏู. ูุตุงุญุจู ุชู ู ุฌูุณู ุญุฏูุฏุง ูู ุณุงุนุชู ุจุฑฺฏุฒุงุฑ ุดุฏุ ุจุฑุฎูุฑุฏุดูู ุฎู ุฏูุณุชุงูู ู ูุญุชุฑูุงูู ุจูุฏ. ุชู ุฌูุณู ูุฏุจฺฉูุฏ ุจู ููุฑุงู ฺฉ ุฏฺฏู ุงุฒ ุงุนุถุง ุชู ูู ู ูุฏุฑ ูู ุญุถูุฑ ุฏุงุดุชูุฏุย ฺูู ุชุฌุฑุจู ุฎุงุต ุชู ุฑุฒููู ูุฏุงุดุชู ู ุจุดุชุฑ ุณุงุจูู ุฏุงูุดฺฏุงู ุฏุงุดุชู ุณูุงูุงุช ุนูู ฺูุฏุงู ุงุฒู ููพุฑุณุฏู ู ุจุดุชุฑ ุณูุงูุงุช ูููููย ุงุฒ ุณุณุชู ุนุงููุ ุดุจฺฉู ู ... ุงุฒู ูพุฑุณุฏู. ุณูุงูุงุช ฺฉู ุฏุฑุจุงุฑู ฺฏุชุ ูููฺฉุณ ู ูพุงุชูู... ุชุฌุฑุจู ุนูู ูู ุชู ุจุฑูุงูู ููุณ ุจุดุชุฑ ูพุฑูฺู ุจุฑุง ุฏุงูุดฺฏุงู ุง ุงุฏฺฏุฑ ุดุฎุต ุจูุฏ. ุจุฑุง ููู ุณูุงูุงุช ุนูู ุฎู ุณุทุญ ุจูุฏู ... ุฏุฑ ูพุงุงู ุจูู ฺฏูุชู ูุดุฎุตู ุนูู ฺฉุงุฑ ูฺฉุฑุฏ ู ุชุฌุฑุจู ูุฏุงุฑ ุงูุง ูพุงู ูุง ุฑู ูุฏูู ู ูุถุนุชุช ุจุฏ ูุณุช. ฺฏูุชู ุจุงูู ู ูุดูุฑุช ูฺฉูู ู ุงฺฏู ุท ุฏู ุฑูุฒ ุจูู ุฎุจุฑ ูุฑุณุฏ ุนู ุงูฺฉู ูุจูู ูุดุฏู. ุจู ุดุฎุตู ุงูุฏ ฺูุฏุงู ูุฏุงุดุชู ุจู ูุถู ู ูุฑู ูุตุงุญุจู ุฑู ูู ุฎู ุณุฑ ุณุฑ ูพุฑ ฺฉุฑุฏูุ ุงูุง ุนุตุฑุด ุณ ุช ุงู ุจูู ูพุงู ุฏุงุฏ ฺฉู ุฎูุดุญุงู ูุดู ุจุงู ุชู ู ุฏูุฑ ุขุฒูุงุด ฺฉุงุฑ ุจฺฉูู ู ุงฺฏู ุชู ุงู ุฏูุฑู ุงุฒ ฺฉุงุฑ ุนููู ุฑุงุถ ุจูุฏู ูุฑุงุฑุฏุงุฏ ูุจูุฏู ู ุงฺฏู ุฑุงุถ ูุจูุฏู ุจุงูุงู ุฎุฏุงุญุงูุธ ูฺฉููุ ุญุฏุงฺฉุซุฑ ุฒูุงู ุขุฒูุงุด ูู ุณู ูุงู ุจูุฏ ฺฉู ุงฺฏู ูุฑ ุฒูุงู ูุจูู ูุดุฏู ุญููู ู ูุฒุงุง ฺฉุงูู ุฑู ุชุง ุงูู ูุญุธู ุจูู ูุฏุงุฏู ุงฺฏุฑ ูุจูู ููุดุฏู ูู ูฺ .... ูู ุฏูุฑู ุขุฒูุงุด ุฑู ุจุงุดูู ุดุฑูุน ฺฉุฑุฏู ู ุชู ููุชู ุฏูู ุจุงู ูุฑุงุฑ ุฏุงุฏ ุจุณุชู.ย,https://jobguy.ir/interview/2/%D9%81%D8%A7%D9%86-%D9%88-%D8%AD%D8%B1%D9%81%D9%87-%D8%A7%DB%8C
0,ุงุฑุงูุชฺฉ,"
            ุงูุตุงู ุฏุฑ ุฒูุฏฺฏ ฺุฒ ุฎูุจุณุช
          ",ูู ุจุนููุงู ฺฉ ูุฑุฏ ุชุงุฒู ฺฉุงุฑ ุฏุฑ ุณูุช backend ุงุณุชุฎุฏุงู ุดุฏู ู ูฺ ฺฏููู ุงุฏุนุง ูุณุจุช ุจู ุฏุงูุด ุฎูุฏู ู ุจุฑุชุฑ ุจูุฏู ูุณุจุช ุจู ุณุงุฑ ุงูุฑุงุฏ ูุฏุงุดุชู tech lead ูุฌููุนู ุจุง ุตุจุฑ ู ุญูุตูู ูุดฺฉูุงุชู ุฑู ุฑูุน ู ฺฉุฑุฏ ู ุชุง ุจู ุงูุฑูุฒ ุฏุฑ ุงู ุดุฑฺฉุช ุฑูุฒ ูุจูุฏู ฺฉู ฺฉ ูุทูุจ ุฌุฏุฏ ุงุฏ ูฺฏุฑู ุดุงุฏ ุงฺฏุฑ ุฎูุฏู ุฑู ุจุนููุงู seniorย ูุนุฑู ู ฺฉุฑุฏู ุงูุชุธุงุฑูุง ุงุฒู ุจุงูุงุชุฑ ุจูุฏ ูุฏุฑุช ุฏุฑ ููุด ctoย ุจุง ุฏุฑฺฉ ูุชูุงุจู ูุณุจุช ุจู ุงูุฑุงุฏ ูฺ ฺฏููู ูุดุงุฑ ฺฉุงุฑ ุฎุงุต ูู ุจู ูู ู ูู ุจู ูฺ ฺฉ ุงุฒ ุจฺู ูุง ุชู ุจููุธูุฑ ุฑุณุงูุฏู ฺฉุงุฑ ู ุชุณฺฉ ูุงุฑุฏ ูฺฉุฑุฏู ู ูู ฺฉูุฏ ุจุนุถุง ุญุช ุงุฒ ูุฏุฑุงู ุจุงูุงุชุฑ ูุดุงุฑ ูุง ุฒุงุฏ ุฑู ุชุญูู ฺฉุฑุฏู ฺฉู ุจุง ุชูุฌู ุจู ุดุฑุงุท ุจู ุชู ูู ุงูุชูุงู ูุฏุงุฏู ู ุตุจุฑ ฺฉุฑุฏู.,https://jobguy.ir/review/607/%D8%A7%D9%86%D8%B5%D8%A7%D9%81-%D8%AF%D8%B1-%D8%B2%D9%86%D8%AF%DA%AF%DB%8C-%DA%86%DB%8C%D8%B2-%D8%AE%D9%88%D8%A8%DB%8C%D8%B3%D8%AA
0,ุชุฏุจุฑ ฺฉุด ูุฑุง,"
            ุชุฌุฑุจู ุจุณุงุฑ ุจุฏ ฺฉุงุฑุขููุฒ
          ",ุฑูุชู ูุตุงุญุจู ุดุฑฺฉุช ุชุฏุจุฑ ฺฉุด ูุฑุง ู 2 ูุฑุญูู ุจุงูุงู ูุตุงุญุจู ฺฉุฑุฏู ู ุจู ูุฏุฑุนุงูู ุดุฑฺฉุช ฺฏูุชู ฺฉู ููู ููุช ู ุฌุง ฺฉุงุฑ ูฺฉูู ฺูู ูฺ ุฏุฑุขูุฏ ูุฏุงุฑู ู ููู ููุช ูุงู ูพุด ุดูุง ู ฺฉุงุฑุขููุฒ ูฺฉูู . 1 ููุชู ฺฉู ุชู ุงู ุดุฑฺฉุช ูุดุบูู ุดุฏู ูุฏุฑุดูู ฺฏูุช ฺฉู ูพุดููุงุฏ ฺฉุงุฑ ุชูุงู ููุช ุจุฑุงุชูู ุฏุงุฑู ู ูุชููู ูุงู 1 ูููู ู 800 ุจูุชูู ุจุฏู ููู ุฎู ุฎูุดุญุงู ุจูุฏู ุงุฒ ุงูฺฉู ูุชููู ุชู ู ุดุฑฺฉุช ูุฑู ุงูุฒุงุฑ ุจุฑูุงูู ููุณ ฺฉูู ู ุงุฒ ฺฉุงุฑ ูุจูู ฺฉุงูู ุงููุฏู ุจุฑูู ู ูููุฌุง ูููุฏู . ุงููุด ูุงูุนุง ุฎูุดุญุงู ุจูุฏู ูู ุจุนุฏ ุงุฒ ฺฉ ุฏู ููุชู ุฏุฏู ฺฉู ุงุฒ 9 ุตุจุญ ุชุง 19:30 ุฏุงุฑู ฺฉุงุฑ ูฺฉูู ู ูพูุฌุดูุจู ูุง ูู ุงุฒ 9 ุตุจุญ ุชุง 19:30 ุฏุงุฑู ฺฉุงุฑ ูฺฉูู ูู ฺูู ุฏุงุดุชู ูพุดุฑูุช ูฺฉุฑุฏู ูุดฺฉู ูุฏุงุดุชู. ู ุฑูุฒ ูพูุฌุดูุจู ุจู ูุณุฆูู ููุงุจุน ุงูุณุงู ฺฏูุชู ฺฉู ุงุถุงูู ฺฉุงุฑู ุฑู ุญุณุงุจ ฺฉูู ู ูุฑุงุฑุฏุงุฏ ูู ุจุงูุงู ุจุจูุฏู (ุทุจู ููู ฺฉู ุฎูุฏุดูู ุฏุงุฏู ุจูุฏู) ุงูุง ูุชุงุณูุงูู ุงุดูู ุฎู ูุงุฑุงุญุช ุดุฏู ู ุจู ูุฏุฑ ุนุงูู ุดุฑฺฉุช ุงูุชูุงู ุฏุงุฏู ู ฺฏูุชู ุงุฒ ุดูุจู ุฏฺฏู ูุง ุณุฑฺฉุงุฑ . ููุท ู ููุท ุจู ุฏูู ุงูฺฉู ุญููู ุฎูุงุณุชู ุงุฒ ฺฉุงุฑ ุจฺฉุงุฑ ุดุฏู ู ูููุฒู ุฏูุจุงู ฺฉุงุฑู ุงูุง ุจู ุงุฑ ุฎุฏุง ฺฉุงุฑู ูพุฏุง ูฺฉูู . ูุชุงุณูุงูู ุดุฑฺฉุช ุชุฏุจุฑ ฺฉุด ูุฑุง ูู ุงุฒ ูุฑู ุฒุงุฏ ฺฉุงุฑ ูฺฉุดู ูู ุงูฺฉู ุงฺฏู ุญูุชู ุจุฎูุง ูุทุนุง ุงุฎุฑุงุฌ ูุด . ุชุฌุฑุจู ุจุณุงุฑ ุจุฏ ุงุฒ ุงู ุดุฑฺฉุช ู ูุฏุฑุดูู ุฏุงุดุชู ุงูุฏูุงุฑู ุจุฑุง ฺฉุณ ุฏฺฏู ูพุด ูุงุฏ .,https://jobguy.ir/review/300/%D8%AA%D8%AC%D8%B1%D8%A8%D9%87-%D8%A8%D8%B3%DB%8C%D8%A7%D8%B1-%D8%A8%D8%AF-%DA%A9%D8%A7%D8%B1%D8%A2%D9%85%D9%88%D8%B2%DB%8C
0,ุขูุง ููุฑุงู ููุดููุฏ ูพุงุฑุณ (ุนุฏุฏ),"
            ูพุดุชุจุงู
          ",ุนุฏุฏ ุชุฌุฑุจู ุฎูุจ ุจูุฏ ,https://jobguy.ir/review/58/%D9%BE%D8%B4%D8%AA%DB%8C%D8%A8%D8%A7%D9%86
0,ุงุฑุงูุชฺฉ,"
            ูุฏุฑุงู ูุงูุงู
          ",ุจุง ุชูุงู ูุฌูุฏ ูุชููุฑู ุงุฒ ุงู ุณุงุฒูุงู. ฺฉุงุฑ ุจุด ุงุฒ ุงูุฏุงุฒู. ุจ ุชูุฌู ุจู ูพุฑุณูู. ุนุฏู ุงูฺฉุงู ูพุดุฑูุช. ูุญุท ููู ุงูุนุงุฏู ูุณููู. ุนุฏู ุฏุงูุด ฺฉุงู ู ุณุทุญ ูู ุจุณุงุฑ ูพุงู ู ูุฏุฑุงู ุฏุฑ ุฌุงฺฏุงู ูุงุฏุฑุณุช ู  ุดุฑฺฉุช ุจุฑ ูพุงู  ุฑูุงุจุท ุงุณุช ูุญุท ุจู ุดุฏู ูุตููู ุฏุงุฑู  ุนุฏู ุฏุงูุด ฺฉุงู ูุฏุฑุงู ู ุจุฑุฎูุฑุฏ ุจู ุดุฏุช ูุงููุงุณุจ ู ููุดฺฏ ูุทุนุง ููุดู ููุฑุงูุชูู ุฎูุงูุฏ ุจูุฏ ุฏุฑ ูุฑ ุฌุงฺฏุงู ู ุจุง ูุฑ ุณุทุญ ุฏุงูุด  ุฑูุงุจุท: ุชูุฑุจุง นต ุฏุฑุตุฏ ุงูุฑุงุฏ ฺฉู ุงููุฌุง ฺฉุงุฑ ูฺฉูู ุง ุฏุงูุดฺฏุงู ุณููุงู ุฏุฑุณ ุฎููุฏู ุง ุชู ุงููุฒุดฺฏุงู ฺฉู ูุฏุฑ ูู ุฏุฑุณ ูุฏู ุฑูุชู ู ุง ุฏูุณุชุงู ู ุขุดูุงุงู ูุฏุฑุงู ุงูู ุดุฑฺฉุช ูุณุชูุฏ .ูุฑ ฺฉุณ ฺฉู ูุงุฑุฏ ุงูู ุดุฑฺฉุช ูุดู ุฏุฑุตูุฑุช ฺฉู ุงุดูุงุงู ุงูููุง ูุจุงุดู ููุงุช ฺูุฏ ูุงู ุฏููู ูุงุฑู ู ุจุดุชุฑ ููุชููู ุจูููู. ุงุถุงูู ฺฉุงุฑ:ุงุถุงูู ฺฉุงุฑ ูฺ ููุช ูพุฑุฏุงุฎุช ููุดู  ุฏุฑ ููุงุช ุจุง ูพฺฏุฑ ูุง ุฒุงุฏ ูุซูุง ุงฺฏู ธ ุณุงุนุช ุงุถุงูู ฺฉุงุฑ ฺฉุฑุฏู ุจุงุด ูพูู ุฏู ุณุงุนุชุดู ูุฏู ู ูฺฏู ุฑุงูุฏูุงูุช ฺฉุงู ูุจูุฏู ู ูฺ ููุช ุงุฒ ฺฉุงุฑ ุดูุง ุฑุงุถ ูุณุชู .ุงูุชุธุงุฑ ุฏุงุฑู ุชุง ท-ธ ุดุฑฺฉุช ุจููู ู ุจุฑุงุดูู ฺฉุงุฑ ฺฉู ุญุช  ุฎู ุงููุงุช ุฑูุฒุง ุฌูุนู ุดูุงุฑู ูุฌุจูุฑ ูฺฉูู ุจุงุฏ ุณุฑฺฉุงุฑ ูุฒุงุง:ุนุฏ ู ุณููุงุช ุจุง ูุฒุงุฑุช ฺฉุงุฑ ุฑู ูุฏู ุตุฏุงูุช ู ุงุทูุงุนุงุช ุงุฒ ฺฉุงุฑ :ุชูุฑุจุง ุญุฏูุฏ ุณู ฺูุงุฑ ูุงู ูฺฏูุชู ุงู ููุชู ูุงูฺ ุฏุงุฑู ู ุงุฒ ูุง ฺฉุงุฑ ูฺฉุดุฏู  ุงูุง ูุฏุฏู ูฺ ุฎุจุฑ ูุณุช - ุจู ุดูุง ูฺ ุงุทูุงุน ุงุฒ ุงู ฺฉู ุดุฑฺฉุช ุชู ฺู ูุถุนุช ูุฑุงุฑ ุฏุงุฑู ููุฏู  ุนู ุดูุง ูุจุงุฏ ุจู ูฺ ูุฌู ุญุช ุจุง ููฺฉุงุฑ ุฎูุฏุชู ุญุฑู ุจุฒู ุฏุฑ ุบุฑ ุงู ุตูุฑุช ุจุฑุฎูุฑุฏ ุดุฏุฏ ูฺฉููย,https://jobguy.ir/review/563/%D9%85%D8%AF%DB%8C%D8%B1%D8%A7%D9%86-%D9%86%D8%A7%D9%84%D8%A7%DB%8C%D9%82
0,ุทุงูฺู,"
            ุจุฑูุงูู ููุณ
          ",ูุถุง ฺฉุงุฑ ุฏูุณุชุงูู ุงุณุช ู ุฎุณุชู ฺฉููุฏู ูุณุช. ูู ุจุงุฏ ูุนุงุจุด ุฑู ูู ฺฏูุช ฺฉู ูุฏุฑุชุ ูุญุท ุจุณุงุฑ ฺฉูฺฺฉ ู ุดููุบ ฺฉุงุฑุณุช.ย ูู ุจุดุฎุตู ูพุดุฑูุช ุฎูุจ ุชู ุงู ุณุงุฒูุงู ุฏุงุดุชู ุจุง ุชูุฌู ุจู ุชุฌุฑุจู ฺฉุงุฑ ฺฉู ูุจูุง ุฏุงุดุชู ุงู ุณุงุฒูุงู ุจุง ุงูุฑุงุฏ ูุชุฎุตุต ุฏุณุช ู ุฏู ุจุงุฒ ฺฉู ุฏุงุดุชุ ุจุงุนุซ ฺฉูฺฉ ุจู ูู ุดุฏู ุงุณุช. ูู ุงุฒ ูุญุงุธ ุญููู ู ููุงุฑุฏ ุจุงูุง ูุงุฑุงุถ ุจูุฏู.,https://jobguy.ir/review/209/%D8%A8%D8%B1%D9%86%D8%A7%D9%85%D9%87-%D9%86%D9%88%DB%8C%D8%B3
0,ุงุฑุงูุชฺฉ,"
            ูุฏุฑุช ุจุณุงุฑ ุจุฏ
          ",         ุงุฒ ููู ููุฒุฌุฑ ฺฉููุฏู ุชุฑ ุฏุฑ ุงู ุดุฑฺฉุช ุณุฎูุฑุงู ุญูุงุณ ูุฑุฏ ุจูุฏ ฺฉู ฺฉูุชุฑู ุงุนุชูุงุฏ ุจู ุญุฑููุง ฺฉู ูุฒุฏ ูุฏุงุดุช ู ุงุฒ ูพุณ ูุฏุฑุช ุญุฏุงููุงุช ุฒูุฏฺฏ ุฎูุฏุด ุจุฑ ููููุฏ,https://jobguy.ir/review/381/%D9%85%D8%AF%DB%8C%D8%B1%DB%8C%D8%AA-%D8%A8%D8%B3%DB%8C%D8%A7%D8%B1-%D8%A8%D8%AF
0,ุทุงูฺู,"
            ุชุฌุฑุจู ูู ุฏุฑ ุทุงูฺู
          ",ุงูุฑุงุฏ ุจุง ุงุณุชุนุฏุงุฏ ุฏุงุฎู ุทุงูฺู ฺฉุงุฑ ูโฺฉููุฏ ูู ูุญุท ฺฉุงุฑ ูุงููุงุณุจ (ุชุนุฏุงุฏ ุงูุฑุงุฏ ุฒุงุฏ ุฏุฑ ูุญุท ฺฉูฺฺฉุ ูพุฑุงฺฏูุฏฺฉ ุจุฎุดโูุง ูุฎุชูู ุณุงุฒูุงูุ ุนุฏู ุชูุฌู ุจู ุทุฑุงุญ ูุญุท ฺฉุงุฑุ ุนุฏู ุชูุญู ุจู ุขุฑุงูุด ุฏุฑ ูุญุท ฺฉุงุฑุ ุงูฺฉุงูุงุช ฺฉู ุจุฑุง ุงุณุชุฑุงุญุช ู ุชูุฑุญ ุงูุฑุงุฏ) ู ูุฏุฑุช ุจุณุงุฑ ุถุนู ูุฌููุนู ุจุงุนุซ ุดุฏู ุชุง ูพุชุงูุณู ุจุงูุง ุงู ุดุฑฺฉุช ุจู ุฏุฑุณุช ุฏุฑ ุฌูุช ุงูุฏุงู ุจุฒุฑฺฏุชุฑ ูพุด ูุฑูุฏ. ุฏุฑ ุทุงูฺู ููุดู ุงุฒ ููู ฺุฒ ุตุญุจุช ุจู ููู ูโุขุฏ ูู ูููุน ุนูู ูฺ ุญุฑฺฉุช ุตูุฑุช ููโฺฏุฑุฏ. ุนุฏู ุจุฑุฎูุฑุฏุงุฑ ุงุฒ ูุฑููฺฏ ุณุงุฒูุงู ููุงุณุจ ูู ุงุฒ ุฏฺฏุฑ ูุดฺฉูุงุช ุทุงูฺู ูุณุช. ูุฑ ฺูุฏ ูุนุงูุชโูุง ุจุณุงุฑ ุงูุฏฺฉ ุตูุฑุช ูฺฏุฑู (ุชุฌูุน ุงูุฑุงุฏ ุดุฑฺฉุช ุฏุฑ ุจุฑุฎ ููุงุณุจุชโูุงุ ูุฏุฑุฏุงู ุงุฒ ุงูุฑุงุฏ ุจู ุฎุงุทุฑ ฺฉุงุฑูุง ุฎูุจ ฺฉู ุงูุฌุงู ุฏุงุฏูโุงูุฏ) ูู ฺฉุงู ูุณุช. ุฏุฑ ูุญุท ฺฉุงุฑ ุงูฺฉู ุงูุฑุงุฏ ุฏุฑ ุญูุฒูโูุง ุฏฺฏุฑ ูู ูุนุงูุช ฺฉููุฏ ุจุงุนุซ ูุงุฑุงุญุช ูุฏุฑ ุดูุง ูโุดูุฏ! ุงุฑุชุจุงุทุงุช ุฏุฑูู ุณุงุฒูุงู ุฎู ุถุนู ูุณุช ุทูุฑ ฺฉู ุงฺฏุฑ ฺฉุณ ุจู ูุฌููุนู ุงุถุงูู ุง ฺฉู ุจุดู ุดูุง ุจู ุณุฎุช ูุชูุฌู ูโุดูุฏ! (ุงูุจุชู ุงุฎุฑุง ุจูุชุฑ ุดุฏู ู ูุนุงุฑููโูุง ุณุฑูพุง ุจุฑฺฏุฒุงุฑ ูโุดูุฏ) ูฺ ุจุฑูุงูู ุนููุงุช ุจุฑุง ูุดุงุฑฺฉุช ุดูุง ุฏุฑ ุจูุจูุฏ ุดุฑุงุท ูุฌููุนู ูุฌูุฏ ูุฏุงุฑุฏ (ุฌุฒ ฺฉ ุจูุฑุฏ ุชุฑูู!) ู ุชููุง ุงฺฏุฑ ุฑุงุจุทูโ ูุงูู ุจุง ฺฉ ุงุฒ ุงุนุถุง ูุฏุฑุช ุฏุงุดุชู ุจุงุดุฏ ุงุญุชูุงูุง ุดุงูุณ ุงู ุฑู ุฏุงุฑุฏ ฺฉู ุฏุฑ ููุฑุฏ ููุถูุน ฺฉู ุฐูู ุดูุง ุฑู ูุดุบูู ฺฉุฑุฏู ฺฉุงุฑ ุนููุงุช ู ููุซุฑ ุงูุฌุงู ุฏูุฏ. ุงุฒ ุชุฎุตุตโูุง ุจุฑุง ุญู ูุดฺฉูุงุช ุงุณุชูุงุฏู ููโุดูุฏุ ุจุดุชุฑ ุชุฑุฌุญ ุฏุงุฏู ูโุดูุฏ ฺฉู ุงุฒ ูุธุฑุงุช ุดุฎุต ู ุบุฑ ฺฉุงุฑุดูุงุณ ุฏุฑ ูพุดุจุฑุฏ ุงููุฑ ุจูุฑู ฺฏุฑูุชู ุดูุฏ. (ฺูู ููุดู ุงุฏุนุง ูโุดูุฏ ฺฉู ูุญุฏูุฏุช ุจูุฏุฌู ูุฌูุฏ ุฏุงุฑุฏ) ุงูุฏูุงุฑู ุงฺฏุฑ ููฺฉุงุฑ ูู ุจุง ุทุงูฺู ุงุฏุงูู ูพุฏุง ูโฺฉูุฏ ุดุงูุฏ ุดุฑุงุท ฺฉุงุฑ ุจูุชุฑ ุจุงุดู :),https://jobguy.ir/review/210/%D8%AA%D8%AC%D8%B1%D8%A8%D9%87-%D9%85%D9%86-%D8%AF%D8%B1-%D8%B7%D8%A7%D9%82%DA%86%D9%87
0,ุขูุง ููุฑุงู ููุดููุฏ ูพุงุฑุณ (ุนุฏุฏ),"
            ุชุฌุฑุจูโ ฺฉุงุฑ ุฏุฑ ุนุฏุฏ
          ",ูู ุจู ุนููุงู ุจุฑูุงููโููุณ ุฏุฑ ุนุฏุฏ ุจู ูุฏุช ฑ ุณุงู ูุดุบูู ุจู ฺฉุงุฑ ุจูุฏู. ุชู ูุง ฺฉ ุชู ุฌูุงู ู ุจุงุงูฺฏุฒู ุจูุฏ ฺฉู ุชูุงุด ูโฺฉุฑุฏ ุจุง ุณุฑุนุช ุฒุงุฏ ูพุดุฑูุช ฺฉูู ู ฺุงูุดโูุง ุฑู ฺฉ ูพุณ ุงุฒ ุฏฺฏุฑ ูพุดุช ุณุฑ ุจฺฏุฐุงุฑู. ูุถุง ฺฉุงุฑ ุจุณุงุฑ ุฎูุจ ุจูุฏ ุจู ุทูุฑ ฺฉู ฺฉุงุฑููู ุชุจุฏู ุจู ุชูุฑุญููู ุดุฏู ุจูุฏ. ุฏุฑ ฺฉู ุชุฌุฑุจูโ ุจุณุงุฑ ุฎูุจ ุจุฑุง ูู ุจูุฏ.,https://jobguy.ir/review/55/%D8%AA%D8%AC%D8%B1%D8%A8%D9%87%E2%80%8C%DB%8C-%DA%A9%D8%A7%D8%B1-%D8%AF%D8%B1-%D8%B9%D8%AF%D8%AF
0,ุขูุง ููุฑุงู ููุดููุฏ ูพุงุฑุณ (ุนุฏุฏ),"
            ุนุฏุฏ ุชุฌุฑุจู ุจ ูุธุฑ ุจุฑุง ุดุฑูุน ฺฉุงุฑ ุญุฑูู ุง
          ",NULL,https://jobguy.ir/review/1/%D8%B9%D8%AF%D8%AF-%D8%AA%D8%AC%D8%B1%D8%A8%D9%87-%D8%A8%DB%8C-%D9%86%D8%B8%DB%8C%D8%B1-%D8%A8%D8%B1%D8%A7%DB%8C-%D8%B4%D8%B1%D9%88%D8%B9-%DA%A9%D8%A7%D8%B1-%D8%AD%D8%B1%D9%81%D9%87-%D8%A7%DB%8C
0,ุฏุงุฏู ูพุฑุฏุงุฒ ูพูุง ุดุฑู,"
            ุชุฌุฑุจู ฺฉุงุฑ ุจุง ุฏุงุฏู ูพุฑุฏุงุฒ
          ",ณ ุณุงู ู ถ ูุงู ุชุฌุฑุจู ฺฉุงุฑ ุชู ุดุฑฺฉุช ุฏุงุฏู ูพุฑุฏุงุฒ ุฑุง ุฏุงุดุชูุ ุงุฒ ูฺฉุงุช ูุซุจุช ูุชููู ุจฺฏู ุฌู ุฎู ุฎูุจ ุฏุงุฑูุ ุชู ูุงู ูุง ูุฏุฑุช ุณุน ูุดู ุญุชูุง ููู ฺุฒ ูุฏู ุฏุงุฑ ู ุดูุงู ุจุงุดู. ูุญูู ุงูุฌุงู ุฏุงุฏู ฺฉุงุฑูุงุ ุฎูุฑุฏ ฺฉุฑุฏู ูพุฑูฺู ูุง ุจู ุทูุฑ ูุณุช ฺฉู ุทุฑุฒ ุฏุฑุณุช ุงูุฌุงู ุฏุงุฏู ฺฉุงุฑ ุฑู ูุชููุฏ ุงุฏ ุจฺฏุฑุฏ ู ุทุจู ุงูู ุงูุฌุงู ุจุฏุฏ. ุณุงุนุช ฺฉุงุฑ ุชูุฑุจุง ููุนุทู ูุณุช ู ูพูุฌุดูุจู ูุง ูู ุชุง ุธูุฑ ูุณุช. ุชุนุฏุงุฏ ูพุฑูฺู ูุง ู ุงููุงุนุดูู ุจุงูุงุณุช ู ูุฏุงู ูพุฑูฺู ูุง ุฌุฏุฏ ู ุจุฒุฑฺฏ ุงุถุงูู ูุดุฏ.,https://jobguy.ir/review/65/%D8%AA%D8%AC%D8%B1%D8%A8%D9%87-%DA%A9%D8%A7%D8%B1-%D8%A8%D8%A7-%D8%AF%D8%A7%D8%AF%D9%87-%D9%BE%D8%B1%D8%AF%D8%A7%D8%B2
0,ุฏุงุฏู ูพุฑุฏุงุฒ ูพูุง ุดุฑู,NULL,NULL,https://jobguy.ir/interview/171/%D9%82%D9%88%D8%A7%D9%86%DB%8C%D9%86-%D8%B3%D9%81%D8%AA-%D9%88-%D8%B3%D8%AE%D8%AA-%D9%88-%D8%A8%D8%B1%D8%AF%D9%87-%D8%AF%D8%A7%D8%B1%DB%8C
0,ุฏุงุฏู ูพุฑุฏุงุฒ ูพูุง ุดุฑู,"
            ูุณุจุชุง ุดุฑฺฉุช ุฎูุจ ูุณุชุด
          ",ููฺฉูู ุญููู ุฏุฑุงูุช ูุณุจุช ุจู ุณุงุฑ ุดุฑฺฉุช ูุง ฺฉูุชุฑ ุจุงุดู ูู ุจู ูุฑ ุญุงู ฺุฒ ูุณุชุด ฺฉู ุฎูุฏุชูู ุชู ูุฑุงุฑุฏุงุฏ ูพุฐุฑูุชู. ุงุฒ ุงุฒ ูุญุงุธ ูพุฑุฏุงุฎุช ุจู ูููุน ู ุจุฏูู ูุดฺฉู ูุณุชุด. ุชู ุงูุฌุงู ุชุณฺฉ ูุง ุชุฎูู ูุง ู ุฒูุงู ูุง ุจุงุฏ ุฏูู ุซุจุช ุจุดู ฺฉู ุงฺฏู ุนุงุฏุช ูุฏุงุดุชู ุจุงุดู ุงุฐุช ฺฉููุฏู ูุณุชุด. ุณุงุนุช ฺฉุงุฑ ุดูุจู ุชุง ฺูุงุฑุดูุจู 9 ุชุง 18 ู ูพูุฌ ุดูุจู ูุง 9 ุชุง 1.30 ูุณุชุด ุดูุงูุฑ ุฑู ูุชููุฏ ู ุณุงุนุช ุฒูุฏุชุฑ ูุฑูุฏ ู ุฎุฑูุฌ ฺฉูู ุนู ุงุฒ 8 ุชุง 17. ู ฺฉ ุณุงุนุช ุฏุฑ ุฑูุฒ ุฒูุงู ููุงุฑ ู ... ุฏุงุฑุฏ. ุชููุน ูพุฑูฺู ูุง ุฒุงุฏ ูุณุชุด ู ูุฑ ุณุงูู ฺูุฏู ูพุฑูฺู ูุฎุชูู ุงูุฌุงู ูุดู. ุงฺฏู ูุฏุฑ ูพุฑูฺู ู... ูุจุงุดู ุงุญุชูุงู ุงูฺฉู ุชู ุฒูุงู ุบุฑ ฺฉุงุฑ ุจุงูุงุชูู ุจุฑุง ุงูุฌุงู ฺฉุงุฑ ุชูุงุณ ุจฺฏุฑู ุฎู ฺฉูู. ุงูฺฉุงู ูพุดุฑูุช ูุฌูุฏ ุฏุงุฑู. ู ฺฏุงู ุงููุงุช ุจุฑุง ุจุฑุฑุณ ู ุชุณุช ุชฺฉููููฺ ูุง ุฌุฏุฏ ุชู ูพุฑูฺู ูุง ูุชููุฏ ุฒูุงู ุงุถุงูู ุจฺฏุฑุฏ. ุจู ุทูุฑ ฺฉู ุดุฑฺฉุช ุฎูุจ ูุณุชุด ูู ุจู ุฏูู ุงูฺฉู ุดุฑฺฉุช ูุฑู ุงูุฒุงุฑ ูุณุชุด ู ุฏุฑุขูุฏ ุจู ุทูุฑ ูุณุชูู ุงุฒ ูุฑุงุฑุฏุงุฏ ูุง ุชุงูู ูุดูย ุฒูุงู ุงูุฌุงู ูพุฑูฺู ูุง ูุญุฏูุฏ ู ูุดุฎุต ูุณุชุด ู ุณูู ุญููู ูุฌูุฏ ุฏุงุฑูย ูย ุงุญุชูุงูุง ุจุนุฏ ุงุฒ ู ูุฏุช ุจุฑุง ุงูุฒุงุด ุญููู ุงุฒ ู ุญุฏ ุจู ุจุงูุงุชุฑ ุจุงุฏ ุจุฑุฏ ู ุดุฑฺฉุช ุฏฺฏู.,https://jobguy.ir/review/32/%D9%86%D8%B3%D8%A8%D8%AA%D8%A7-%D8%B4%D8%B1%DA%A9%D8%AA-%D8%AE%D9%88%D8%A8%DB%8C-%D9%87%D8%B3%D8%AA%D8%B4
0,ุฏุงุฏู ูพุฑุฏุงุฒ ูพูุง ุดุฑู,"
            ุงููุช ุดุบู ูุง ูุดุฎุตู
          ",ุดุฑฺฉุช ูุชูุณุท ูุณุช.ูุฏุฑุช ุฎูุจ ู ุจุง ุงุฎูุงู ุฏุงุฑู.ุงูุง ุฑู ูู ุฑูุชู ฺฉูุชุฑู ุจุง ุฏูุฑุจู ูุง ู ุดููุฏ ุ ุญููู ูพุงู ู ูุญุท ูู ุฎุดฺฉ ู ุบุฑุฏูุณุชุงูู ุงุด ุจู ูู ุญุณ ุจุฑุฏู ุจูุฏู ูุฏู.,https://jobguy.ir/review/649/%D8%A7%D9%85%D9%86%DB%8C%D8%AA-%D8%B4%D8%BA%D9%84%DB%8C-%D9%86%D8%A7-%D9%85%D8%B4%D8%AE%D8%B5%D9%87
0,ุฎุงููู,"
            ููุช ุฎูุฏู ุฑู ูุฏุฑ ุฏุงุฏู
          ",ููุดู ฺฉ ุณุฑ ุชุงุฑฺฏุช ุฏุงุดุชู ฺฉู ุจุดุชุฑ ุดุจู ุชููู ุจูุฏ ู ููุดู ุจุงุฏ ุจู ูุฑ ููุช ุจูุดูู ูุฑุณุฏู. ุฎูุจู ฺฉู ุดุฑฺฉุช ูุฏู ุฏุงุดุชู ุจุงุดู ุงูุง ุชููู ุจุญุซุด ุจุง ูุฏู ุฏุงุดุชู ุฌุฏุงุณุช. ุจ ูุธู ุฏุฑ ุณุทุญ ูุฏุฑุช ุจุฏุงุฏ ู ฺฉูู ุงูุง ุงุฒ ุดูุง ุงูุชุธุงุฑ ูุฏู ุฏุงุฑู. ุชููุง ูฺฉุชู ุฎูุจุด ุจุนุถ ุฏูุณุชุง ุฎูุจ ุจูุฏ ฺฉู ุงูุฌุง ูพุฏุง ฺฉุฑุฏู. ฺฉูุง ุชูุตู ููุดู ฺฉู ุดุฑฺฉุช ุจูุชุฑ ูุณุช.,https://jobguy.ir/review/679/%D9%88%D9%82%D8%AA-%D8%AE%D9%88%D8%AF%D9%85-%D8%B1%D9%88-%D9%87%D8%AF%D8%B1-%D8%AF%D8%A7%D8%AF%D9%85
0,ุฎุงููู,"
            ฺฉ ุงุฒ ุจูุชุฑู ุชุฌุฑุจู ูุง ฺฉุงุฑู
          ",ูุตุงุญุจู ฺฉุงููุง ุนูู ุจูุฏ ฺฉู ูู ุฎู ุฏูุณุช ุฏุงุดุชู ุณุงุนุช ฺฉุงุฑ ููุนุทู ูุฏุฑุช ู ููฺฉุงุฑุงู ุจุณุงุฑ ุฎูุจ ู ุฎูุด ุจุฑุฎูุฑุฏ ุญููู ู ูพุงุฏุงุด ุฎูุจ ูุญุท ุฑุงุญุช ู ุขุฑุงู,https://jobguy.ir/review/677/%DB%8C%DA%A9%DB%8C-%D8%A7%D8%B2-%D8%A8%D9%87%D8%AA%D8%B1%DB%8C%D9%86-%D8%AA%D8%AC%D8%B1%D8%A8%D9%87-%D9%87%D8%A7%DB%8C-%DA%A9%D8%A7%D8%B1%DB%8C%D9%85
0,ุฎุงููู,"
            ุชุฌุฑุจู ฺฉุงุฑ ุจุฏ
          ",ุฒูุงู ูุตุงุญุจู ุจุง ฺูุฑู ุง ูุชุดุฎุต ู ุจุง ุฑู ฺฏุดุงุฏู ุงุฒ ุดูุง ูพุฐุฑุง ูฺฉููุฏ ู ุจู ูุฏุฑ ุฏุฑุจุงุฑู ุงูฺฉุงูุงุช ุดุฑฺฉุช ู ูพุชุงูุณู ูุง ููุฌูุฏ ุบูู ูุดูุฏ ฺฉู ุดูุง ุชุตูุฑ ฺฉ ุดุฑฺฉุช ุฑูุง ุฑุง ุฏุฑ ุณุฑ ู ูพุฑูุฑุงูุฏ. ุจู ุณุฑุนุช ูุดุบูู ุจู ฺฉุงุฑ ูุดูุฏ ู ุจู ุณุฑุนุช ุจุงุฏ ูุชูุฌู ููุงูุต ูุงุฌุนู ุจุงุฑ ุฏุฑ ุนูู ุงู ุดุฑฺฉุช ูุดูุฏ. ุชุงุฑฺฏุช ูุง ุชุนุฑู ุดุฏู ุจุฑุง ูุฑูุด ุฑูู ูุง ุฎุงู ู ุบุฑ ูุงุจู ุฏุณุชุฑุณ ุงุณุช. ุงุฒ ุตุจุญ ุณุงุนุช ท:ณฐ ฺฉู ูุงุฑุฏ ุดุฑฺฉุช ูุดูุฏุ ุงูุฑฺ ููู ุฏุฑ ุจู ฺฉุงุฑฺฉูุงู ูุดููุฏ ุงุณุช. ุฌูุณุงุช ุงุฑุฒุงุจ ูุฑ ุฑูุฒ ุจุง ูุงุญุฏ ูุง ูุฎุชูู ุจุง ุญุถูุฑ ูุฏุฑุช ุจุฑฺฏุฐุงุฑ ูุดูุฏ ฺฉู ุฏุฑ ูฺฏุงู ุงูู ุชุญุณู ุจุฑุงูฺฏุฒ ุงุณุช ูู ุฏุฑ ููุงู ุฌูุณุงุช ุจุฌุง ุดูุงุณุง ูุดฺฉูุงุช ู ุญู ูุณุฆููุ ุจู ุฏูุจุงู ููุตุฑ ูุณุชูุฏ ู ุจุง ุฑูุชุงุฑ ุชูุฏ ู ูุงุจุฌุง ุจุง ููุตุฑูุ ุจุงุนุซ ุจู ูุฌูุฏ ุขูุฏู ุญุณ ุชุฑุณ ุฏุฑ ุจู ฺฉุงุฑููุฏุงู ูุดููุฏ. ุงุณุชุฑุณ ุจุฒุฑฺฏุชุฑู ุญุณ ุงุณุช ฺฉู ุดูุง ุฏุฑ ุทูู ุฑูุฒ ุจุง ุขู ููุงุฌูุฏ. ุฑูุชุงุฑ ูุฏุฑุช ุจู ุชุฏุฑุฌ ุชุบุฑ ูุงุจุฏ ู ุดูุง ุฑุง ุจุง ฺฉูู ุงุฒ ฺฉุงุฑูุง ุชููุง ูฺฏุฐุงุฑูุฏ. ุดุฑฺฉุช ูพูุฌ ุดูุจู ูุง ุชุนุทู ุงุณุช ูู ุดูุง ุฏุฑ ุฑูุฒูุง ฺฉุงุฑ ุจุง ุญุฌู ุจ ุงูุชูุง ุงุฒ ฺฉุงุฑ ู ุฌูุณู! ุชุง ถ ุ ท ุจุนุฏ ุงุฒ ุธูุฑ ุจุฏูู ุงุญุณุงุณ ุฑุถุงุช ุงุฒ ฺฉุงุฑ ุฑุงู ุฎุงูู ู ุดูุฏ. ฺฉุงูุณุช ุจุฑุง ุงุซุจุงุช ุญุฑููุงู ุนฺฉุณ ุฑุง ฺฉู ุจุฑ ุฏูุงุฑ ุดุฑฺฉุช ูุชุนูู ุจู ุณุงู ฺฏุฐุดุชู ุงุณุช ุฑุง ูฺฏุงู ฺฉูุฏ. ุจุฌุฒ ูุนุฏูุฏ ุงูฺฏุดุช ุดูุงุฑ (ฺฉู ุงุชูุงูุง ุงุฒ ุงููุงู ูุฏุฑุช ูุณุชูุฏ) ุชูุงู ฺฉุงุฑููุฏุงู ุดุฑฺฉุช ุชุบุฑ ฺฉุฑุฏู ุงูุฏ.,https://jobguy.ir/review/678/%D8%AA%D8%AC%D8%B1%D8%A8%D9%87-%DA%A9%D8%A7%D8%B1%DB%8C-%D8%A8%D8%AF
0,ฺฉุณุง,"
            ฺฉุงุฑุดูุงุณ ูุฑูุด
          ",ูู ุณุงู ูุจู ุจุง ุงู ุดุฑฺฉุช ููฺฉุงุฑ ฺฉุฑุฏู ู ฺฉ ุชุฌุฑุจู ุนุงูย ุจูุฏ ุจุฑุงูย ุฌู ุตูู ู ุฏูุณุชุงููย ูุฏุฑ ุตุจูุฑ ู ุฏูุณูุฒย ุญููู ุณุฑููุช ู ูุญุงุณุจู ุญููู ู ูุฒุงุง ุจุง ุงุฑูุงู ุตุจุญุงูู ุฏูุฑ ูู ุจุงุนุซ ุตูู ุชุฑ ุดุฏู ุฌู ุดุฑฺฉุชุดูู ุจูุฏย ุฎูุงุตู ฺฉู ุงฺฏู ุดุฑุงุทุด ูพุด ุจุงุฏ ุจุง ฺฉูุงู ูู ุญุงุถุฑู ุชู ฺฉุณุง ฺฉุงุฑ ฺฉููย ูู ุจู ุฏูู ุงุชูุงู ฺฉุงุฑู ุฌุฏุง ุดุฏูย,https://jobguy.ir/review/334/%DA%A9%D8%A7%D8%B1%D8%B4%D9%86%D8%A7%D8%B3-%D9%81%D8%B1%D9%88%D8%B4
0,ุฏุงูุฑู,"
            ุชุฌุฑุจู ูุตุงุญุจู
          ",ุฑูุชู ูุตุงุญุจูุ ุฑุฒููู ุฏุงุฏู ุจูุฏู ฺฉู ููฺฉุฏู ู ฺฏุชโูุงุจู ุชูุด ุจูุฏุ ููู ุงุฒ ู ุดูุฑ ุฏฺฏู ฺฉุดุฏู ุชุง ุชูุฑุงูุ ฺฉ ุณุงุนุช ูุจู ูุตุงุญุจู ููุชุธุฑุดูู ูููุฏู ุชุง ู ุฏูุชุฑ ุฎุงู ูพุฏุง ฺฉููุฏุ ุจุนุฏ ูุฏุฑุดูู ฺฉุจุงุฑู ุฑุฒููู ููู ูุฎููุฏู ุจูุฏุ ุชุงุฒู ุดุฑูุน ฺฉุฑุฏ ุจู ุฎููุฏูุ ูุจู ูุฑฺุฒ ฺฏูุช ุจุจู ุฎู ุชฺฉููููฺโูุง ูุฎุชูู ฺฉุงุฑ ฺฉุฑุฏุ ุชู ุฏุฑุง ุจู ุนูู ฺฉ ุงูฺฏุดุช :))) ุงุญุชูุงูุง ุงูู ุชู ุชูุชุฑ ุฎููุฏู ุจูุฏ ุงุฏุด ุฑูุชู ุจูุฏ ุงูู ุณูุงู ุจูพุฑุณู. ุฎูุงุตู ุดุฑูุน ฺฉุฑุฏ ุณูุงู ุฏุฑููุฑุฏ ูุฑู abstract ู interface ู ููู ฺูู ูุฎูุงุณุชู ุฒูุฏุชุฑ ู ูุญุชุฑูุงูู ุจุฑู ฺฏูุชู ููุฏููู ูู ุงุฏุงูู ุฏุงุฏุ ุฏุฑููุฑุฏ jwt ูพุฑุณุฏู ุฏุฑุตูุฑุช ฺฉู ุชู ูุจูุงฺฏู ฺฉุงูู ุดุฑุญุด ุฏุงุฏู ู ุขุฎุฑู ูุทูุจู ุจูุฏุ ุญุช ุจู ุฎูุฏุดูู ุฒุญูุช ูุฏุงุฏู ุจูุฏู ฺฉูฺฉ ฺฉูู ุจุจูู ุฏุงุฑู ฺฉ ุฑู ุงุณุชุฎุฏุงู ูฺฉููุ ุณูุงูุงุช ุจุนุฏุด ุฏุฑููุฑุฏ ูููููโูุง ุจูุฏ ฺฉู ุฑู ฺฏุช ุฏุงุฑู. ุฎูุงุตู ุจุนุฏ ฺฉ ุณุงุนุช ูุตุงุญุจู ู ุญููู ุฒุงุฏ ุจูู ูพุดููุงุฏ ุฏุงุฏ ู ฺฏูุช ุจุนุฏุง ุจุดุชุฑ ูู ูุดู ุจุง ุงูฺฉู ูู ุฌูุงุจ ุณูุงูุงุช ุฑู ูุฏุงุฏู ุจูุฏูุ ููููุฌุง ูููุฏู ุงูุง ูุฏุช ุฒุงุฏ ุฏูุงู ููุงุฑู ู ุฎู ุจโุฎูุฏ ุฎุฑุฌ ูฺฉููุฏุ ฺฉู ฺูุฏูุงู ุจุนุฏุด ุณุฑูุงู ฺฏุฐุงุฑุดูู ุจูุดูู ูพูู ูุฏุงุฏ ู...,https://jobguy.ir/review/51/%D8%AA%D8%AC%D8%B1%D8%A8%D9%87-%D9%85%D8%B5%D8%A7%D8%AD%D8%A8%D9%87
0,ฺฏูุฑูฺฏ ุณุณุชู,NULL,ูู ฺฉ ูุตุงุญุจู ูู ุฏุงุดุชู ุจู ุตูุฑุช ุขููุงู. ูุตุงุญุจู ฺฉููุฏู ูุดุฎุตุง ุญูุตูู ูุฏุงุดุช ุจุฑุง ูุตุงุญุจู. ุฎูุฏุด ุฒู ูุนุฑู ูฺฉุฑุฏ ู ุจู ูู ูู ุงุฌุงุฒู ูุนุฑู ูุฏุงุฏ ู ุงุฒ ูููู ูุญุธู ุงูู ุณูุงู ูพุฑุณุฏู ุฑู ุดุฑูุน ฺฉุฑุฏ. ุณูุงููุง ุชุฎุตุต ุฑูุชู ุจูุฏ ูู ุจุฑุฎูุฑุฏ ู ูุญูู ุณูุงู ูพุฑุณุฏู ูุตุงุญุจู ฺฉููุฏู ุงุฐุช ฺฉููุฏู ุจูุฏ. ุจู ุญุฏ ฺฉู ุฏูุณุช ุฏุงุดุชู ูุทุน ฺฉูู ุงุฑุชุจุงุท ุฑู ูุฑ ฺ ุฒูุฏุชุฑ. ูููุฒ ุฌูุงุจ ุงุฒ ุดุฑฺฉุช ุฏุฑุงูุช ูฺฉุฑุฏู .,https://jobguy.ir/interview/187/%D9%85%D8%B5%D8%A7%D8%AD%D8%A8%D9%87-%D8%BA%DB%8C%D8%B1-%D8%AD%D8%B1%D9%81%D9%87-%D8%A7%DB%8C
0,ุตุจุงุณู,NULL,ูู ุชู ูุตุงุญุจู ูู ูุจูู ุดุฏู ู ุจู ูู ฺฏูุชู ุชุณุช ฺฉุฏ 1 ุชุง 2 ุณุงุนุชู ูฺฏุฑู.ย ุจุนุฏ ุงุฒ ุงูฺฉู ุจูู ฺฏูุชู ูุฑ ฺูุฏุฑ ฺฉ ูุชูู ุฎูุจ ุจููุณ ู ูู ฺฏูุชู ฺฉู ุฒูุงู ูุจุฑู ู ุจุฏูู ุดฺฉ 1 .2 ุณุงุนุช ฺฉู ูฺ ฺูุฏ ุฑูุฒ ููุช ูุฎูุงุฏ ุฏุฑ ุงุฎุฑ ุจุนุฏ ุงุฒ ุงุชูุงู 3 ุฑูุฒ ฺฉุงุฑ ุชููุง ุงุฑุงุฏ ฺฉู ุงุฒ ุณูุฑุณ ูู ฺฏุฑูุชู ุงู ุจูุฏ ฺฉู ุจุฑุง ููู ููุฌูุฏุช ูุง ุชุณุช ฺฉุงูู ูุฒุฏ. ู ุชุงฺฉุฏ ูฺฉูู ูู 4 ูุงู ุชุณุช ุจุฑุง ููุท ุง ูพ ุข ููุดุชู,https://jobguy.ir/interview/93/%D8%A7%D8%B7%D9%84%D8%A7%D9%81-%D9%88%D9%82%D8%AA-%D8%AF%D8%B1-%D8%AA%D8%B3%D8%AA-%DA%A9%D8%AF-%DA%86%D9%86%D8%AF-%D8%B1%D9%88%D8%B2%D9%87
0,ูพุฑุฏุงุฒุด ุงูฺฉุชุฑููฺฉ ุฑุงุดุฏ ุณุงูุงูู ( ูพุงุฑุณุง ),"
            ุจุฑูุงูู ููุณ
          ",ูุฏุฑุช ุถุนู ุ ุจุณุงุฑ ุถุนู ุ ุจุนุถ ุงุฒ ุณููุฑ ูุง ุญูููุดูู ุงุฒ ุฌูููุฑูุง ูู ูพุงู ุชุฑ ุจูุฏ ุ ุฏุฏุดูู ูุณุจุช ุจู ุชู ูู ฺฉูุง ุฏุฑ ุญุฏ ุฏูู 60-70 ุจูุฏ ุ ุจุฏุชุฑู ุชุฌุฑุจู ฺฉุงุฑ ุ ููู ุฌุง ุดุฑฺฉุช ูููู ุงุฒ ุฏูุฑุจู ุจูุฏ ุ ุชุตูู ฺฏุฑ ูุง ฺฉุงููุง ุบูุท,https://jobguy.ir/review/380/%D8%A8%D8%B1%D9%86%D8%A7%D9%85%D9%87-%D9%86%D9%88%DB%8C%D8%B3
0,ุดุจู ุณุงุฒุงู ููุทู,"
            ุจุฑูุงูู ููุณ
          ",ุดุฑฺฉุช ุฎูุจู ุจุง ุงูฺฉู ฺฉูฺฺฉู ูู ูุฑุตุช ุงุฏฺฏุฑ ู ูพุดุฑูุช ุฎูุจู - ูู ุฒูุงู ู ูุฑุตุช ุฏุงุฏู ูุดู ุจุฑุง ุงุฏฺฏุฑ ุฑูุชุงุฑ ูุฏุฑุช ุจุณุงุฑ ูุญุชุฑูุงูู ุจุง ุงุนุถุง ุดุฑฺฉุช ฺฉูุจูุฏ ุฏุงูุด ูู ุจุนุถ ุงุฒ ุงูุฑุงุฏ ุจุงุนุซ ูุดู ฺฉ ุงุฎุชูุงู ูุธุฑ ุจูุฌูุฏ ุจุงุฏ(ุฎู ุงุฎุชูุงู ูุธุฑ) ุจุฑูุงูู ููุณ ุจุดุชุฑ ููุด ฺฉุณ ุฑู ุฏุงุฑู ฺฉ ุจุงุฏ ฺฉุงุฑ ุฑู ุงูุฌุงู ุจุฏู - ุนู ูู ูฺฏู ุจุงุฏ ุงูุฌุงู ุจุดู ู ูุธุฑ ุจุฑูุงูู ููุณ ุฒุงุฏ ุงููุช ูุฏุงุฑู,https://jobguy.ir/review/409/%D8%A8%D8%B1%D9%86%D8%A7%D9%85%D9%87-%D9%86%D9%88%DB%8C%D8%B3
0,ุตุจุงุณู,"
            ุชุฌุฑุจู ุฎูุจ ุชููุง ุจุฑุง ุดุฑูุน ฺฉุงุฑ
          ",ูู ูุฏุช ุฒุงุฏ ุชู ุงู ุดุฑฺฉุช ุจูุฏู. ูุฑููฺฏ ุงู ุดุฑฺฉุช ุจุณุงุฑ ุฏูุณุชุงูู ุฏุฑ ุนู ุญุงู ูุดฺฉูโุณุงุฒ ุงุณุช.ย ุฑูุงุจุท ุฏูุณุชุงูู ุฎู ุฎูุจ ุชู ุดุฑฺฉุช ูุฌูุฏ ุฏุงุฑู ฺฉู ุงู ุฑูุงุจุท ุฎู ุงููุงุช ุฌุง ุถูุงุจุท ุฑู ูโฺฏุฑูุฏ. ุนู ุงฺฏู ฺฉุณ ุจุง ูุฏุฑุด ุฎู ุฏูุณุช ุจุงุดู ุฏฺฏู ูุงุฒ ูุฏุงุฑู ฺฉู ุชูุงูุง ุฏุงุดุชู ุจุงุดู ุชุง ุจุชููู ุงููุฌุง ูพุดุฑูุช ฺฉูู. ุจุฎุงุทุฑ ููู ุงฺฉุซุฑ ุขุฏูโูุง ุชูุงุด ูโฺฉููุฏ ุชุง ุจุง ูุฏุฑ ฺฉู ูููุฐ ุฏุงุฑู ุฑุงุจุทู ุฎูุจ ุงุฌุงุฏ ฺฉููุฏ ุชุง ุจุชููู ูพุดุฑูุช ุฎูุฏุดูู ุฑู ุชุถูู ฺฉููุฏ. ููู ุจุงุนุซ ุดุฏู ุขุฏูโูุง ฺฏุฑููโูุง ุบุฑุฑุณู ุชุดฺฉู ุจุฏู ุชุง ุจุชููู ุฎูุฏุดูู ู ุงุนุถุง ฺฏุฑููโุดูู ุฑู ุจุฒุฑฺฏ ฺฉููุฏ. ู ุงฺฏุฑ ุดูุง ุชู ฺฉ ุงุฒ ุงู ฺฏุฑููโูุง ูุจุงุดุฏุ ุงุญุชูุงู ูพุดุฑูุช ุดูุง ุชูุฑุจุง ุตูุฑู. ูุงุนุฏุชุง ุฑุงุจุทู ุฎูุจ ุจุง ูุฏุฑ ุนุงูู ูโุชููู ููุซุฑุชุฑู ููุด ุฑู ุชู ูพุดุฑูุช ูุฑุฏ ุฏุงุดุชู ุจุงุดู. ุงุฒ ุทุฑู ูุจุงุฏ ููฺฉุฑ ุงู ุดุฏ ฺฉู ุจุฎุงุทุฑ ุงู ุฑูุงุจุท ุฏูุณุชุงูู ุฒูุงู ฺฉุงุฑ ุชู ุดุฑฺฉุช ุฎู ุฎูุด ูโฺฏุฐุฑู. ุนูููุง ฺฉุงุฑ ุจุง ุดุฑฺฉุชโูุง ุฎุงุฑุฌ ุงุฒ ุงุฑุงู ุงูุฌุงู ูุดู. ุงู ู ูุฒุชู ฺฉู ุฑุงฺฏุงู ุฒุจุงู ุงูฺฏูุณ ุดูุง ุชุง ุญุฏ ุฎู ุฎูุจ ุชููุช ูุดู ุงูุง ููู ุจุงุนุซ ูุดู ูู ุชููุง ูพูุฌุดูุจู ู ุฌูุนู ุฑูุฒ ฺฉุงุฑ ุจุงุดู ุจูฺฉู ฒด ุณุงุนุช ุฒูุงู ฺฉุงุฑู. ฺูู ุจุงุฏ ุจุง ุชุงู ุฒููโูุง ูุฎุชูู ฺฉุงุฑ ฺฉูุฏ. ุดุฑฺฉุช ุจูุฏุฌู ุฎู ุฎูุจ ุจุฑุง ุขููุฒุด ูุฑ ูุฑุฏ ุฏุงุฑู ู ูุฑฺฉุณ ูพฺฏุฑ ุจุงุดูุ ุดุฑฺฉุช ุญุงุถุฑู ูุฒูู ฺฉูู ุชุง ูุฑุฏ ุขููุฒุด ุจุจูู.ย,https://jobguy.ir/review/698/%D8%AA%D8%AC%D8%B1%D8%A8%D9%87-%D8%AE%D9%88%D8%A8-%D8%AA%D9%86%D9%87%D8%A7-%D8%A8%D8%B1%D8%A7%DB%8C-%D8%B4%D8%B1%D9%88%D8%B9-%DA%A9%D8%A7%D8%B1
0,ฺฏูุฑูฺฏ ุณุณุชู,"
            ุชุฌุฑุจู ฺฉุงุฑ ุฏุฑ ฺฏูุฑูฺฏ ุณุณุชู
          ",ุดุฑฺฉุช ฺฏูุฑูฺฏ ุณุณุชู ุจุง ุญุฏูุฏ ฒตฐ ููุฑ ูพุฑุณูู ุฒุฑ ูุฌููุนู ุง ุงุฒ ฺฏุฑูู ุตูุนุช ฺฏูุฑูฺฏ ูุณุชุด ฺฉู ุจู ููุน ุจุฒุฑฺฏุชุฑู ููุฏูฺฏ ุฎุตูุต ุชู ุงุฑุงู ูุญุณูุจ ู ุดู ุ ุจุฑุง ุงุทูุงุน ุงุฒ ุญูุฒู ูุง ฺฉุงุฑ ููุฏูฺฏ ู ุชููู ุจู ุณุงุชุด ูุฑุงุฌุนู ฺฉูู. ุงู ุดุฑฺฉุช ุจุฑุง ูุฏุฑุช ูุฌููุนู ูุงุฒูุง ูุฑู ุงูุฒุงุฑ ู ุณุฎุช ุงูุฒุงุฑ ููุฏูฺฏ ุชุงุณุณ ุดุฏู ู ูุฑูุด ูุฑู ุงูุฒุงุฑ ุง ุณุฑูุณ ุจู ุจุฑูู ุงุฒ ูุฌููุนู ูุฏุงุฑู. ุงููุช ุดุบู ุจุณุงุฑ ุจุงูุง ุฏุงุฑู ู ุจุงุฏ ุจู ุฏุฏ ุจููุฏ ูุฏุช ุจูุด ูฺฏุงู ฺฉุฑุฏ. ุญููู ูุงุด ูุฑูุงู ูุณุชุด ูู ุฎู ุฒุงุฏ ูู ุฎู ฺฉู. ูุงูุงุฑ ุฑุงฺฏุงูู ู ุชุฌูุฒุงุช ูู ุงฺฏุฑ ูุงุฒ ุฏุงุดุชู ุฏุฑ ุงุฎุชุงุฑ ุดูุง ู ุฐุงุฑู ู ูุดฺฉู ุจุงุช ุชุงูู ูุงู ุงูู ูุฏุงุฑู ูุ ูุญู ฺฉุงุฑุด ุจุงูุง ูพุงุฑฺฉ ุณุงุน ุจุฑุฌ ฺฏูุฑูฺฏ ุทุจูู ุฏูู ู ุณูู ูุณุชุด ฺฉู ุจุณุงุฑ ุดฺฉ ู ุญุฑูู ุงู. ฺฉ ุงุฒ ุจุฒุฑฺฏุชุฑู ูุนุงุจุด ุงูู ฺฉู ุณุงุฎุชุงุฑ ู ฺูุงุฑฺูุจ ฺฉ ุดุฑฺฉุช ุข ุช ุฑู ูุฏุงุฑู ู ููฺฉูู ุงูุงู ฺฉู ุจุฑุงุชูู ฺฏุฌ ฺฉููุฏู ุจุงุดู. ูุซูุง ููฺฉูู ููุชู ุง ฺูุฏู ุฌูุณู ุฏุงุดุชู ุจุงุดู . ุจุฑุง ฺฉุณุงู ฺฉู ุชุฌุฑุจู ุจุงูุง ุชู ุดุฑฺฉุช ูุง ูุฎุชูู ุฏุงุฑู ู ู ุฎูุงู ุชุฌุฑุจู ุดูู ุฑู ุฏุฑ ุงุฎุชุงุฑ ุฏฺฏุฑุงู ุจุฐุงุฑู ุฌุง ุฎูุจู ูู ุจุฑุง ุงูุฑุงุฏ ฺฉู ุชุฌุฑุจู ุชูุตู ูู ฺฉูู ฺูู ููฺฉูู ุชู ฺฉุงุฑ ูพุฏุง ฺฉุฑุฏู ุฏุฑ ุดุฑฺฉุช ูุง ุฏฺฏู ุฏฺุงุฑ ูุดฺฉู ุจุดู. ุงูุฌุง ุงูุฒุงูุง ุจุง ุขุฎุฑู ุชฺฉููููฺ ูุง ุฏุฑ ุญูุฒู ุข ุช ฺฉุงุฑ ูู ฺฉูู ู ููุท ุณุฑุงุบ ุงูุชุฎุงุจ ูุง ู ุฑู ฺฉู ูุงุฒุดูู ุฑู ุฌูุงุจฺฏู ุจุงุดู ููุท ููู. ูุณูุช ูุง ูุฎุชููุด ูุฏุฑุช ูุง ูุฎุชูู ุจุง ุทุฑุฒ ูฺฉุฑูุง ูุชูุงูุช ุฏุงุฑู ู ูู ุดู ู ุงุธูุงุฑ ูุธุฑ ฺฉู ุฏุฑ ููุฑุฏ ฺฉู ุดุฑฺฉุช ุงูุฌุงู ุฏุงุฏ ู ูุจู ุงุฒ ุงูุชุฎุงุจ ุงูู ุญุชูุง ุญุชูุง ุชูุตู ู ุดู ุชู ููฺฉุฏุงู ุงุฒ ุงูุฑุงุฏ ฺฉู ุชู ุงูู ูุณูุช ฺฉู ุจุฑุงุด ุฏุฑุฎูุงุณุช ุฏุงุฏู ูพุฑุณ ู ุฌู ฺฉูุฏ. ุฏุฑ ูุฌููุน ฺฉุงุฑ ฺฉุฑุฏู ุชู ููุฏูฺฏ ฺฏูุฑูฺฏ ุจู ุนููุงู ุดุฑฺฉุช ฺฉู ุขุฑุฒููุง ู ุงูุฏุงู ุจููุฏ ุฏุงุฑู ุชุฌุฑุจู ุฎูุจู ูู ุฏุฑ ููุฑุฏ ุญูุฒู ุข ุช ุจุงุฏ ูุจูุด ุงุฒ ุดุฑุงุท ฺฉุงุฑ ุงูู ูุณูุช ฺฉุณุจ ุงุทูุงุนุงุช ฺฉูุฏ. ฺฉู ููุฏูฺฏ ุฒุฑ ูุธุฑ ุฏฺฉุชุฑ ููุฏ ูุถู ูุฏุฑุช ู ุดู ฺฉู ุงูุณุงู ููู ุงูุนุงุฏู ุง ูุณุชู ู ูฺ ููุช ุงุฒ ฺฉูฺฉ ูุง ูุงุฏ ู ูุนูู ุจู ูพุฑุณูู ุฒุฑ ูุฌููุนู ุดูู ุฏุฑุบ ูฺฉุฑุฏูุฏ ู ฺฉุงุฑ ฺฉุฑุฏู ุจุฑุง ุงุดูู ูุงูุนุง ุงุฑุฒุดููุฏู.,https://jobguy.ir/review/503/%D8%AA%D8%AC%D8%B1%D8%A8%D9%87-%DA%A9%D8%A7%D8%B1%DB%8C-%D8%AF%D8%B1-%DA%AF%D9%84%D8%B1%D9%86%DA%AF-%D8%B3%DB%8C%D8%B3%D8%AA%D9%85
0,ุงูุณููู (ุฎุฏูุงุช ุตูุนูุช ุงูุฑุงู ุฎูุฏุฑู),"
            ุจุฑูุงูู ูููุณ
          ",ุดุฑูุช ุงูุณููู ููู ุงุฒ ุดุฑูุช ูุงู ุฒูุฑูุฌููุนู ุงูุฑุงูุฎูุฏุฑู ูู ุจุงุดุฏ. ูู ุงุฑุงุฆู ุฏููุฏู ุฎุฏูุงุช ุตูุนุชู ูุซู ุญูู ู ููู (ุญูู ูุทุนูุูพุงูุชุูุญุตูู ู ุจุฏูู)ุ ุชููู ุชูุฒูุน ุบุฐุงุ ุงูุงุจ ู ุฐูุงุจ ู ... ุจุฑุงู ฺฏุฑูู ุงูุฑุงูุฎูุฏุฑู ูู ุจุงุดุฏ. ุฑูููุฑุฏ ุดุฑูุช ูุงูุด ุชููุน ุฎุฏูุช ู ุญุฑูุช ุจุณูุช ุญูุฒู ุญูู ู ููู ู ูุฌุณุชูู ูู ุจุงุดุฏ. ูุงุฑ ุฏุฑ ุดุฑูุช ุงูุณููู ุฏุฑ ุญูุฒู ูุฑู ุงูุฒุงุฑ ุจุงุนุซ ุขุดูุงูู ุจุง ุงููุงุน ุจูุฒููุณ ูุง ู ูุฑุขููุฏูุงู ูุฑุชุจุท ุจุง ูุงุฑุฎุงูู ู ุตูุนุช ุฎูุฏุฑููู ูู ุดูุฏ. ุชููุน ุฎุฏูุงุช ู ุงุฑุชุจุงุท ุจุง ูุฏูุฑูุช ูุงู ุงุฌุฑุงูู ฺฏููุงฺฏูู ููุฌุจ ูพุฎุชฺฏู ุฏุฑ ุญูุฒู ุชุญููู ู ุทุฑุงุญู ูุฑู ุงูุฒุงุฑ ุฑุง ุจุฑุงู ุจุฑูุงูู ูููุณุงู ุจู ุงุฑูุบุงู ูู ุขูุฑุฏ. ูพุฑุฏุงุฎุช ุจู ูููุน ุญูููุ ุฏุงุดุชู ุงููุงุน ุชุณูููุงุช ูุซู ูุงูุ ุณุฑููุณ ุฑุงูฺฏุงูุ ูุงูุงุฑุ ูพุฒุดู ุณุงุฒูุงููุ ุณุงูู ูุงู ูุฑุฒุดู ุงุฒุฌููู ุชุณูููุงุช ุงูู ุณุงุฒูุงู ูู ุจุงุดุฏ.  ุงูุจุชู ฺุงูุด ูุงู ุฒูุงุฏู ููุฒ ุฏุงุฑุฏ ูุงุฑ ุจุง ุญุฌู ุจุงูุงู ุงุทูุงุนุงุช ู ุงุชุตุงู ุฒูุฑ ุณูุณุชู ูุงู ูุฎุชูู ุจู ูู ุชุบููุฑูุฏุงูู ูุฑุขููุฏูุงู ุณุงุจู ู ุงุนูุงู ุชุบููุฑุงุชย ุฏุฑ ุณูุณุชู ุงุฒ ุฌููู ุงูู ฺุงูุด ูุงุณุช. ุงุฒ ุฏูฺฏุฑ ฺุงูุด ูุง ุนุฏู ุจุฑูุฒ ุจูุฏู ุชูููููฺู ูุงู ุงุณุชูุงุฏู ุดุฏู ูู ุจุงุดุฏ ฺุฑุงูู ุฏู ูุง ูุฑู ุงูุฒุงุฑ ุจุง ุชูููููฺู ูุงู ูุฏููู ุชุฑ ููุดุชู ุดุฏู ู ุงููุงู ุขูพุฏูุช ู ุจุฑูุฒุฑุณุงูู ุนููุง ุณุฎุช ู ููุชฺฏูุฑ ูู ุจุงุดุฏ. ุชุบููุฑ ูุฏูุฑูุช ุฏูุฑู ุงู ู ุนุฏู ุงุฑุฒูุงุจู ุตุญูุญ ุฌูุช ุงุนุทุงู ุณูุช ูุงู ูุฏูุฑูุชู (ูุฏูุฑุ ุฑูุณุ ูุณุฆูู) ุจู ูพุฑุณูู ููุฌุจ ูุงุฑุถุงูุชู ุณุงูุฑย ูพุฑุณูู ูู ุจุงุดุฏ.,https://jobguy.ir/review/313/%D8%A8%D8%B1%D9%86%D8%A7%D9%85%D9%87-%D9%86%D9%88%D9%8A%D8%B3
0,ุขุฑุง ููุฑุงู ุณุงูุงูู,"
            ฺฉุงุฑุดูุงุณ ุงุฑุดุฏ ูุฏุฑุช ุณุณุชู ูุง
          ",ุงู ุดุฑฺฉุช ุจุง ูุฌูุฏ ุฏุงุดุชู ุจุฑูุฏ ุจุณุงุฑ ูุนุชุจุฑ ุฏุฑ ุจุงุฒุงุฑ ุงุฑุงู ู ุจุฑุฎูุงู ุฏุงุดุชู ูพุฑูฺู ูุง ุจุณุงุฑ ุจุฒุฑฺฏ ููฺฉู ุฏููุง ูุงููุฏ ุณุงุฑ ุดุฑฺฉุช ูุง ุฎุตููุช (ุฎุตูุต-ุฏููุช) ุฏุงุฑุง ุญููู ูพุงู ุจุฑุง ุงูุฑุงุฏ ูุชุฎุตุต ู ุญููู ูุง ุนุฌุจ ู ุบุฑุจ ุจุฑุง ุจุฑุฎ ุงูุฑุงุฏ ู ูุฏุฑุช ูุง ู ุจุงุดุฏ. ููฺูู ูุฏุฑุช ุฏุฑ ุงู ุดุฑฺฉุช ุฏุฑ ุทูู ุฒูุงู ู ุจุง ูุฌูุฏ ุชุบุฑ ูุฏุฑุนุงูู ู ุงุนุถุง ูุช ูุฏุฑู ู ุงุฏุนุง ุงุณุชูุงุฏู ุงุฒ ุงุณุชุงูุฏุงุฑุฏ ูุง ูุฏุฑุช ูุธุฑ PMBOK ุจู ุตูุฑุช ูุฆุช ุจูุฏู ู ุฏุฑ ุจู ุดุฑฺฉุช ูุง ุฑุชุจู  ฺฉ ุฏุฑ ุดูุฑุง ููุงูุฑ ุงุทูุงุนุงุช ูุงูุนุง ุงุฒ ูุธุฑ ูุฏุฑุช ูู ู ุจุงุฒุฑฺฏุงู ุฏุฑ ุณุทุญ ูพุงู ุชุฑ ูุฑุงุฑ ุฏุงุฑุฏ. ุงูฺฉุงู ูพุดุฑูุช ุฏุฑ ุงู ุดุฑฺฉุช ุชููุง ุฏุฑ ุตูุฑุช ูุฌูุฏ ุฑุงูุช ุงูฺฉุงู ูพุฐุฑุงุณุช ู ุจุฑุง ุงูุฑุงุฏ ูุชุฎุตุต ุฌุง ุฑุดุฏ ู ุชุฑู ูุฌูุฏ ูุฏุงุฑุฏ. ููฺูู ุชุจุนุถ ุฏุฑ ุจู ุงูุฑุงุฏ ู ูุงุญุฏ ูุง ุจู ุดุฏุช ุจู ฺุดู ู ุฎูุฑุฏ ูุงุฒู ุจู ุฐฺฉุฑ ุงุณุช ุงู ุดุฑฺฉุช ุฏุฑ ุณุงู ูุง ุงูู ุชุงุณุณ ู ุจู ุฏูู ุฏุฑุขูุฏ ูุฑุขูุงู ู ุฏุงุดุชู ูพุฑูฺู ูุง ุจุฒุฑฺฏุ ุจุง ูพุฑุฏุงุฎุช ููุธู ู ูุงูุบ ุจุงูุง ูุญุท ุฎูุจ ู ุฌุฐุงุจ ุจู ูุธุฑ ู ุขูุฏู ููฺฉู ุจู ุชุฏุฑุฌ ู ุจุง ุญุฐู ูุฒุงุง ู ุนุฏู ุงูุฒุงุด ุญููู ููุงุณุจ ุท ุณุงูุงู ูุชูุงุฏ ุชุจุฏู ุจู ฺฉ ูุญุท ูุงููุงุณุจ ุจุฑุง ุงูุฑุงุฏ ูุชุฎุตุต ู ฺฉ ูุญุท ูุชูุณุท ุจุฑุง ูุฑููุง ูุชูุณุท ููฺฉู ูุญุท ููุงุณุจย ุจุฑุง ูุฑู ูุง ุชุงุฒู ฺฉุงุฑ ฺฏุฑุฏุฏู ุงุณุช.,https://jobguy.ir/review/701/%DA%A9%D8%A7%D8%B1%D8%B4%D9%86%D8%A7%D8%B3-%D8%A7%D8%B1%D8%B4%D8%AF-%D9%85%D8%AF%DB%8C%D8%B1%DB%8C%D8%AA-%D8%B3%DB%8C%D8%B3%D8%AA%D9%85-%D9%87%D8%A7
0,ุชุฑุงุดู ุณุจุฒ ุชูุฑุงู,"
            ุชูู ฺฉุฑุฏู ุนูุฑ
          ",ฺูุฏ ุณุงู ุงุฒ ุจูุชุฑู ุฏูุฑุงู ุนูุฑู ุฑู ุชู ุงู ุดุฑฺฉุช ุจูุฏู ฺฉู ูุงูุนุง ุชุจุงู ุดุฏ ูู ุฌุง ูพุดุฑูุช ูุณุช ู ูู ฺุฒ ุฌุฏุฏ ุงุฏ ฺฏุฑูุชู ุญูููุด ูู ูฺฉ ฺฉูู ุงุฒ ุฌููู ูพุงู ุชุฑู ูุง ุชู ุชูุฑุงู ุจุงุดู ุงูุจุชู ุญููู ูุฏุฑุง ุจุงูุงุณ ู ูุงูฺฏู ุฑู ูฺฉุดู ุจุงูุง ูู ุจูู ฺุฒ ููฺฏุฑู ุงู ุณุงููุง ุฑู ุฑู ูุฑฺ ููุช ูุฐุงุดุชู ุงูุงู ุงุณุชุงุฏุด ุดุฏู ุจูุฏู ูุงูุนุง,https://jobguy.ir/review/493/%D8%AA%D9%84%D9%81-%DA%A9%D8%B1%D8%AF%D9%86-%D8%B9%D9%85%D8%B1
0,ุงุฑุชุจุงุทุงุช ููู ูุฑุงูุงู,NULL,ฺฏูุชู ุชูุงู ุชู ูุง ุณููุฑ ูุณุชู ุญุช ุจฺูโูุง ูพุดุชุจุงู ู ฺฉุงูโุณูุชุฑ ูู ุชู ุฌูููุฑ ุจุงุฏ ฺฉุงุฑุขููุฒ ุจุง ุจุนุฏ ุดุงุฏ ูุจููุช ฺฉุฑุฏู. ูพุฑุณุฏ ุงูฺฏูุณ ฺู ูุฏุฑ ุจูุฏุ ฺฏูุชู ุฏุฑ ุญุฏ ฺฉู ุจุชููู ุฏุงฺฉูููุช ุจุฎููู ู ุงูฺฏูุณ ุณุฑฺ ฺฉูู ุงูฺฉู. ุจุง ุชุนุฌุจ ูพุฑุณุฏ ูฺฏู ุงูฺฏูุณ ุณุฑฺ ูโฺฉูุ ฺู ุทูุฑ ุฎูุฏุดูู ุฑู ุณููุฑ ูโุฏููุณุชู ุฏุฑ ุนุฌุจู!!! ุงุฒ ุทุฑู ุฌุง ฺฉู ุฏุฑุฎูุงุณุช ุฏุงุฏู ุจูุฏู ูุถุนุช ูู ุจู ุญุงู ุงุณุชุฎุฏุงู ุดุฏ ุชุบุฑ ฺฉุฑุฏ ูู ูฺ ููุช ุจุง ูู ุชูุงุณ ูฺฏุฑูุชู.,https://jobguy.ir/interview/91/%D8%A8%DA%A9%E2%80%8C%D8%A7%D9%86%D8%AF-%D8%AF%D9%88%D9%84%D9%88%D9%BE%D8%B1
0,ุงุฑุงู ุฑูุชุฑ,"
            ฺฉุงุฑุดูุงุณ ูุฑฺฉุฒ ุชูุงุณ
          ",ุฌุง ฺฉู ุจู ุนููุงู ฺฉุงุฑุดูุงุณ ูุฑฺฉุฒ ุชูุงุณ ฺฉุงุฑ ูโฺฉุฑุฏู ุฌุง ุจุณุงุฑ ุดููุบ ฺฉู ุตุฏุง ุจู ุตุฏุง ููุฑุณู ู ูุฑ ฺฉุงุฑููุฏ ุงุตูุง ูุถุง ฺฉุงุฑ ู ุญุฑู ุดุฎุต ูุฏุงุฑุฏ ุญุช ุจู ููุฏุงุฑ ฺฉู. ูู ู ูุญุท ุงุณุชุงุฑุช ุงูพ ู ุฌูุงู ุฏุงุฑุฏ ฺฉู ุงุญุณุงุณ ุฎูุจ ุงููุด ุจู ุขุฏู ุฏุณุช ูุฏู. ูู ุฎุจ ุญููู ุฏุฑุงูุช ุงุตู ููุฑุฏ ูพุณูุฏ ูู ูุจูุฏย,https://jobguy.ir/review/327/%DA%A9%D8%A7%D8%B1%D8%B4%D9%86%D8%A7%D8%B3-%D9%85%D8%B1%DA%A9%D8%B2-%D8%AA%D9%85%D8%A7%D8%B3
0,ุชุฑุงุดู ุณุจุฒ ุชูุฑุงู,"
            ุฑูุฒ ุจู ุฑูุฒ ุจุฏุชุฑ ุงุฒ ุฏุฑูุฒ
          ",ุณุงู ูุง ุฒุงุฏ ุฏุฑ ุงู ุดุฑฺฉุช ฺฉุงุฑ ฺฉุฑุฏู ู ุชููุง ฺุฒ ฺฉู ุงุฒ ุฏู ุณุงู ูพุด ุฏุฑ ุงู ุดุฑฺฉุช ูุงุจู ูพุดุฑูุช ุจูุฏ ุณุค ูุฏุฑุชุ ุงูุชุฑุงุ ุจ ุงุนุชูุงุฏ ุจู ุงูุฑุงุฏ ู ุชูุงู ฺุฒูุง ุจุฏ ุจูุฏู ฺฉู ุญุช ุจุง ู ุบุฑุจู ุชู ุฎุงุจูู ูู ุชุฌุฑุจุด ููฺฉูุฏ. ููุช ุญุฑู ุงุฒ ุณุค ูุฏุฑุช ุฒุฏู ูุดู ุงูุฌุง ููุท ููุธูุฑ ูุฏุฑุช ุงุฑุดุฏ ูุณุชุ ุจูฺฉู ูุฏุฑุงู ูุงู ู ุญุช ุณุฑูพุฑุณุชุงู ูู ุจู ููู ุดฺฉู ุงุฒ ุจุงูุง ู ุงุฒ ูุฑููฺฏ ุจุฏ ุณุงุฒูุงู ุงูฺฏู ูฺฏุฑูุฏ ู ุงู ุจุงุนุซ ูุดู ุชุง ุงุญุณุงุณ ุตููุช ุจู ฺฉุงุฑููุฏุงู ุฑูุฒ ุจู ุฑูุฒ ุจุฏุชุฑ ุจุดู ู ุฌุงุดู ุจ ุงุนุชูุงุฏ ุจฺฏุฑูุ ู ููู ูุฏููู ฺฉู ุฒูุฏฺฏ ุชู ู ููฺู ูุญุท ฺูุฏุฑ ูุชููู ุฑู ูุงุจู ุณุงุนุงุช ุฑูุฒ ฺฉู ุจุฑูู ู ุฏุฑ ฺฉูุงุฑ ุฎุงููุงุฏู ูุณุช ุชุงุซุฑ ฺฏุฐุงุฑ ุจุงุดู.,https://jobguy.ir/review/208/%D8%B1%D9%88%D8%B2-%D8%A8%D9%87-%D8%B1%D9%88%D8%B2-%D8%A8%D8%AF%D8%AA%D8%B1-%D8%A7%D8%B2-%D8%AF%DB%8C%D8%B1%D9%88%D8%B2
0,ุฑุงุง ูฺู,"
            ุชูุตู ูฺฉูู ุฌุง ุฏฺฏู ุง ุงุณุชุฎุฏุงู ุจุดุฏ
          ",ุจุนุฏ ุงุฒ ฺูุฏ ุณุงู ุณุงุจูู ฺฉุงุฑ ุฏุฑ ุงู ุดุฑฺฉุช ุงุณุชุฎุฏุงู ุดุฏู ุจุฑุฎูุฑุฏ ุงูู ู ูุตุงุญุจู ุฎู ุฎูุจ ุจูุฏ ูู ุจุนุฏ ุงุฒ ฺูุฏ ูุงู ูุงูุนุง ูพุดูุงู ุดุฏู. ุฑูุชุงุฑ ุจุง ฺฉุงุฑฺฉูุงู ุฒู ุฎู ุฎู ุฏูุณุชุงูู ุชุฑ ู ุจูุชุฑู ู ุฏุงุฆู ูุดุงูุฏู ูุดู ุจุง ุฏุฎุชุฑูุง ุจฺฏู ู ุจุฎูุฏ ู ฺฉููุฏ ูู ุจุง ูพุณุฑูุง ุฎุฑ. ุฎู ุงุฏุนุงุดูู ูุดู ฺฉู ฺฉุงุฑุดูู ุฎู ุนุงูู ุฏุฑ ุตูุฑุช ฺฉู ุงุตูุง ุงูุทูุฑ ูุณุช ูพุฑูฺู ูุง ุฑุง ุจูู ุงูุฌุงู ูุฏู ุจุฑุงุดูู. ุจุนุฏ ุงุฒ ฺูุฏูุงู ุจุฏูู ูฺ ุฏูู ( ุงูุจุชู ฺฉ ุฏูู ูุณุฎุฑู ุขูุฑุฏู ู ฺฏูุชู ุงุญุณุงุณ ูฺฉูู ุฎูุงุณุชู ูุงุช ุจุง ุฎูุงุณุชู ูุง ูุฏุฑุช ฺฉ ูุณุช ) ุจูุฏู ุฑุง ุงุฎุฑุงุฌ ฺฉุฑุฏู ู ููุท ุญููู ุฏุงุฏู ( ุงุฏุงุฑู ฺฉุงุฑ 1/800 ) ู ูฺฺฉุฏูู ุงุฒ ูุฒุงุง ูุซู ุนุฏ ู ุณููุงุช ุฏุงุฏู ูุดุฏ ุฏุฑ ุตูุฑุช ฺฉู ุจุงุฏ ุฏุงุฏู ูุดุฏ. ูุฑุงุฑุฏุงุฏ ูุณุฎู ฺฉุงุฑููุฏ ูููุน ุฏุฑุงูุช ฺฺฉ ุชุญูู ฺฏุฑูุชู ูุดู ฺฉู ุดฺฉุงุช ูฺฉูุฏ ูฺฏุฑูู ฺฺฉ ุญููู ุชูู ุฏุงุฏู ููุดู. ููุช ูู ุฑูุชู ฺฉู ุชู ุดุฑฺฉุช ุนูุถ ุดุฏู ุจูุฏ ูฺฉุฑ ฺฉุฑุฏู ุชู ูุจู ุฑูุชู ุฎุงุฑุฌ ุง ุณูุช ุจุงูุงุชุฑ ุฏุฑ ุดุฑฺฉุช ุจุงูุงุชุฑ ุงูุง ููู ูู ฺฉุฑุฏู ุจูุฏู ู ุง ุงุฎุฑุงุฌ ุดุฏู ุจูุฏู ุง ุงุณุชุนูุง ุฏุงุฏู ุจูุฏู. ุชูุตู ูฺฉูู ุฌุง ุฏฺฏู ุง ุงุณุชุฎุฏุงู ุจุดุฏ ู ฺฏูู ุญููู ู ุญุฑูุงุดูู ุฑุง ูุฎูุฑุฏ.,https://jobguy.ir/review/690/%D8%AA%D9%88%D8%B5%DB%8C%D9%87-%D9%85%DB%8C%DA%A9%D9%86%D9%85-%D8%AC%D8%A7%DB%8C-%D8%AF%DB%8C%DA%AF%D9%87-%D8%A7%DB%8C-%D8%A7%D8%B3%D8%AA%D8%AE%D8%AF%D8%A7%D9%85-%D8%A8%D8%B4%DB%8C%D8%AF
0,ูพุงุดฺฏุฑ ุชุฏุจุฑ ุงูุฒุงุฑ,"
            ุจุฑุง ุจุฑูุงูู ููุณ ูููุงู ุชูุตู ูู ฺฉูู ฺูู ูฺ ุขูุฏู ุง ูุฎูุงูุฏ ุฏุงุดุช!
          ","ุงู ุดุฑฺฉุช ุจุฑุง ุงุณุชุฎุฏุงู ุดูุง ฺฉุณุฑ ุชุณุช ูุฑุงุฑ ุฏุงุฏู ฺฉู ุจุฑูุงูู ูู ูุฑู ุจุง ุฏุชุงุจุณ ุงฺฉุณุณ ูุณุช. ูู ุจุนุฏ ุงุฒ ฺฉููุชู ุดุฑฺฉุช ุฑู ุชุฑฺฉ ฺฉุฑุฏู. ุจูุฏู ุจุฑูุงูู ุฑู ุจุง MSSQL ููุดุชู ู ูพุงุฏู ุณุงุฒ ฺฉุฑุฏู ู ูุจูู ูฺฉุฑุฏูุฏ ู ฺฏูุชูุฏ ุฏูุจุงุฑู ุจุง ุงฺฉุณุณ ุทุฑุงุญ ุจุดู. ุจุนุฏ ุงุฒ ฺูุฏ ุฑูุฒ ฺฉู ุฑูุฒ ฺฉู ุฑู ุชุณุช ุฏุฑ ุฎุงูู ฺฉุงุฑ ฺฉุฑุฏู ู ุฏู ุณู ุฑูุฒ ูู ุงููุฌุง ุตุฑู ุชุบุฑ ุฏุชุงุจุณ ุจู ุงฺฉุณุณ ฺฉุฑุฏู ูุชูุฌู ุดุฏู ฺฉู ูพุฑูฺู ูุง ุงู ูุง ุจู ุดุฏูุช ุงุฒ ุชฺฉููููฺ ูุง ูุฏู ุฏุฑุด ุงุณุชูุงุฏู ู ุดู ฺฉู ุดูุง ุงุฒ ุงู ุฌุง ุจุง ุจุฑูู ูู ุชูู ุจู ุดุฑฺฉุช ุจุนุฏ ุงุช ุจฺฏ ุงู ูุง ุฑู ฺฉุงุฑ ฺฉุฑุฏู ฺูู ููู ุดูู ููู ุงูุงูุดู ุฏูุฏู ุดุฏู. ูฺฉุชู  ุฏฺฏู ุงู ฺฉู ุฏุฑ ุขฺฏูุดูู ุฏููุงู ุฐฺฉุฑ ฺฉุฑุฏู ุจูุฏูุฏ ""ูุงุฒููุฏ ุจู ุจุฑูุงูู ููุณ C#.NET"" ุงููุง ููุช ุฑูุชู ุงููุฌุง ฺฏูุชูุฏ ุจุงุฏ ุงู ููุงุฑุฏ ุฒุฑ ุฑู  ุฏุฑฺฉู ุจุฒู ุง ุฏุจุงฺฏ ฺฉู: ASPX ASMX PHP Wordpress Winforms Java - Android Bootstrap /CSS/ HTML/ JS Datalogger ุฏุชุงุจุณ ูุง Oracle Sql Server Mysql Access Postgres ฺฉ ููุชู ููุช ูู ุจุฎูุฏ ุตุฑู ุงู ุดุฑฺฉุช ุดุฏ. ู ุจูุฏ ฺู ุชููุนุงุช ุฏุงุฑูุฏ. ุงูุจุชู ูุฏุฑุช ุจุฑุฎูุฑุฏ ูุงุด ุฎูุจ ู ุฏูุณุชุงูู ุงุณุช. ูู ูุนููู ูุณุช. ุฏูุชุฑ ฺฉู ฺฉุซู ู ฺฉูฺฺฉ ุงุณุช. ุญุณุงุจ ฺฉูุฏ ุฏุฑ ุฏู ุงุชุงู ฺฉู ูฺฉุฑ ู ฺฉูู 10 ูุชุฑ ุจูุฏ ุฏุฑ ูุฑ ุงุชุงู 8 ููุฑ ู ูุดููุฏ. ุชููู ูุงููุงุณุจ ุฏุงุฑูุฏ ู ุฎู ฺฏุฑู ูุณุช. ฺฉููุฑ ุขุจ ุจ ูุงุฏู ู ุฏุฑ ููุงุช ฺฉ ูพูฺฉู ุฏูุงุฑ ุฏุงุฑูุฏ ฺฉู ุฑูุดูุด ูฺฉูุฏ ุจูุชุฑู ุงุฒ ุตุฏุง ฺฉู ูุฏู ุฏุฑ ุงูุงูุฏ.",https://jobguy.ir/review/689/%D8%A8%D8%B1%D8%A7%DB%8C-%D8%A8%D8%B1%D9%86%D8%A7%D9%85%D9%87-%D9%86%D9%88%DB%8C%D8%B3-%D9%82%D9%88%DB%8C%D9%91%D8%A7%D9%8B-%D8%AA%D9%88%D8%B5%DB%8C%D9%87-%D9%86%D9%85%DB%8C-%DA%A9%D9%86%D9%85-%DA%86%D9%88%D9%86-%D9%87%DB%8C%DA%86-%D8%A2%DB%8C%D9%86%D8%AF%D9%87-%D8%A7%DB%8C-%D9%86%D8%AE%D9%88%D8%A7%D9%87%DB%8C%D8%AF-%D8%AF%D8%A7%D8%B4%D8%AA
0,ุงุฑุชุจุงุทุงุช ููู ูุฑุงูุงู,"
            ุจู ุดุฏุช ุจูู ุฑุฎุชู ู ุบุจุฑ ูุชุนูุฏ
          ",ุดุฑฺฉุช ุจ ุงูุฏุงุฒู ุดููุบ ู ุจ ูุธู ู ุจูู ุฑุฎุชู ุงุณุช. ูุญุท ุงูุชุถุงุญู ุขุฏู ูุง ุฎู ฺฏุณุชุงุฎย ู ุจ ุงุฏุจ ูุณุชูุฏ ฺฉู ู ุฎูุฏุดูู ุงุฌุงุฒู ู ุฏู ุชู ุฒูุฏฺฏ ุดุฎุต ุชู ุฏุฎุงูุช ฺฉูู. ฺฉุงุฑููุฏุง ุขูุง ฺฉุงููุง ุจ ูุฑููฺฏ ูุณุชูุฏ ู ุงุฒ ูุฑ ูุฑุตุช ุจุฑุง ุชููู ู ุณู ุงุณุชูุงุฏู ุ ุงุณุชูุงุฏู ู ฺฉูู ุจุฎุด ุญุณุงุจุฏุงุฑ ุชููุง ุจุฎุดู ฺฉู ููุธูู ู ููู ฺุด ุฏููู ูู ุบุฑ ุงูู ุงุตูุง ุจู ูุฑุงุฑ ุฏุงุฏ ูพุงุจูุฏ ูุจุณุชูุฏ ู ูฺ ุชุนูุฏ ุจูุช ูู ุฏูุ ูุฏุฑุช ุจู ุดุฏุช ุถุนู ุงููุช ุดุบู ูพุงู ุญุช ุงููุช ุจุฑุง ูุณุงูุชูู ูู ูุฏุงุฑุฏ ูู ูุงุฏ ู ุจูุฏ ฺฉ ูุดุณุชู ุจุง ุณุณุชูู ุดูุง ุจู ุงุณู ุดูุง ู ฺฉุงุฑ ุฑู ุงูุฌุงู ุฏุงุฏู ุง ูุณุงุจูุชูู ุฑู ุจุฑุฏุงุดุชู,https://jobguy.ir/review/248/%D8%A8%D9%87-%D8%B4%D8%AF%D8%AA-%D8%A8%D9%87%D9%85-%D8%B1%DB%8C%D8%AE%D8%AA%D9%87-%D9%88-%D8%BA%D8%A8%D8%B1-%D9%85%D8%AA%D8%B9%D9%87%D8%AF
0,ููุงูพ,NULL,ฺฉ ูุฑุญูู ูุตุงุญุจู  ุญุถูุฑ ุฏุงุดุช ฺฉู ุฏู ููุฑ ุงุจุชุฏุง ุดุฑูุน ุจู ูพุฑุณุฏู ุณูุงู ูุง hr ฺฉุฑุฏูุฏ ู ุฒูุงู ุฒุงุฏ ุจุงุจุช ุงู ููุถูุน ฺฏุฐุดุช ู ุฏุณุช ุจุงูุง ุฑู ฺฏุฑูุชูุฏ ู ุชูุฑุจุงู ุจุง ุชูุงู ูุนุงุฑูุง ู ุฏุฑุฎูุงุณุช ูุง ู ุฏูุงูู ูุฎุงููุช ฺฉุฑุฏูุฏ ู ุจุงุจุช ุญููู ุฏุฑุฎูุงุณุชู ูู ูุดุงุฑ ุขูุฑุฏูุฏ ุชุง ุจู ุญุฏุงูู ููฺฉู ฺฉุงูุดุด ุจุฏู. ุจุนุฏ ูุงุฑุถุงุชููุฏุงูู ุดุฑูุน ุจู ูพุฑุณุฏู ฺูุฏ ุชุง ุณูุงู ูู ุงุฒ ูุญูู  ฺฉุงุฑ ุฌุงูุงุงุณฺฉุฑูพุช ฺฉุฑุฏูุฏ ู ุณุน ฺฉุฑุฏูุฏ ุงุฒ ุจุนุฏ ูู ูู ุณูุงูุงุช ููุณู ุจูพุฑุณูุฏ ู ุจุงุฒ ูู ูุดุงุฑ ุจุงุฑู. ุณูุงูุงุชุดูู ุฑุจุท ุจู ุชฺฉููููฺ ูุง ุฑูุฒ ูุฏุงุดุช. ุฎู ูุงุฑุงุญุช ุจูุฏูุฏ ุงุฒ ุงู ฺฉู ูุญู ุฒูุฏฺฏู ุงุฒ ูพุงุฑฺฉ ููุงูุฑ ูพุฑุฏุณ ุฏูุฑู ู ุญุงุถุฑ ูุณุชู ุจุฑุง ฺูุฏู ูุงู ูุชูุงู ูุฑ ุฑูุฒ ู ุญุช ุฏุฑ ุฑูุฒูุง ุชุนุทู ู ุณุงุนุงุช ุบุฑุงุฏุงุฑ ุณุฑ ฺฉุงุฑ ุจุฑู. ุชุง ุญุฏ ฺฉู ุงุตูุงู ฺูู ฺุฒ ุจุฑุงุดูู ูุงุจู ูุจูู ุจู ูุธุฑ ูู ุฑุณุฏ. ุญุช ููุช ฺฏูุชู ูุงู ุงูุฌุง ุฎููู ู ฺฏุฑูุ ุจุงุฒ ูู ฺุฒ ุชุบุฑ ูฺฉุฑุฏ.,https://jobguy.ir/interview/156/%D9%81%D8%B4%D8%A7%D8%B1-%DA%A9%D8%A7%D8%B1%DB%8C-%D8%A8%D8%A7%D9%84%D8%A7-%D9%88-%DA%86%D9%88%D9%86%D9%87-%D8%B2%D8%AF%D9%86-%D8%B2%DB%8C%D8%A7%D8%AF-%D8%A8%D8%B1%D8%A7%DB%8C-%DA%A9%D8%A7%D9%87%D8%B4-%D9%87%D8%B1%DA%86%D9%87-%D8%A8%DB%8C%D8%B4%D8%AA%D8%B1-%D8%AD%D9%82%D9%88%D9%82-%D8%AF%D8%B1%D8%AE%D9%88%D8%A7%D8%B3%D8%AA%DB%8C
0,ูุฌููุนู ูููุฏุณ ุฑุงุฏุดุฏ,"
            ุชุฌุฑุจู ฺฉ ููุชู ฺฉุงุฑุงููุฒ ุฏุฑ ุดุฑฺฉุช ุฑุงุฏุดุฏ
          ",ุฎุงุทุฑุงุช ุฑูุฒุง ฺฉุงุฑูู ุงูุฌุง ููุดุชูย ูฺฉุฑ ฺฉูู ุจู ุฏุฑุฏ ฺฉุณุง ฺฉู ูุฎูุงู ุจุฑู ุงู ุดุฑฺฉุช ุจุฎูุฑูย https://virgool.io/@ali.hakimi.njf ุดุฑฺฉุช ุฎูุจู ุงุฒ ูุธุฑ ุชุฌุฑุจู ฺฉ ููุชู ุง ููย,https://jobguy.ir/review/648/%D8%AA%D8%AC%D8%B1%D8%A8%D9%87-%DB%8C%DA%A9-%D9%87%D9%81%D8%AA%D9%87-%DA%A9%D8%A7%D8%B1%D8%A7%D9%85%D9%88%D8%B2%DB%8C-%D8%AF%D8%B1-%D8%B4%D8%B1%DA%A9%D8%AA-%D8%B1%D8%A7%D8%AF%D8%B4%DB%8C%D8%AF
0,ุชูุฒู ุตุฏุฑ,"
            ูุฏุฑ ูุจ
          ",ุจู ูุฏุช ุชูุฑุจุง ุณู ุณุงู ุชุฑฺฉุจ ุงุฒ ุฏูุฑฺฉุงุฑ ู ฺฉุงุฑ ุฏุงุฆู ุชู ุดุฑฺฉุช ุชูุฒู ุตุฏุฑ ฺฉุงุฑ ฺฉุฑุฏู. ุดุฑฺฉุช ุดุงูู ุฏู ุจุฎุด ุนูุฏู ุฏูุชุฑ ูุฑูุด ู ฺฉุงุฑุฎููู ูุณุชุด ฺฉู ุฏุฑ ุญุงู ุญุงุถุฑ ูุญู ูุฒฺฉุดูู ุงุฏุบุงู ุดุฏู. ุณูุช ูู ูุฏุฑุช ูุจ ู ุงููุฑ ูุญุชูุง ุจูุฏ ู ุชู ุงู ูุฏุช ูุฏููุง ุขููุฒุด ูุฌููุนู ุฑู ุณุงุฎุชู ู ณ ุณุงุช ุงุตู ุดุฑฺฉุช ุฑู ุชูุณุนู ุฏุงุฏู. ฺฉ ุณุงุช ูุนุฑู ุดุฑฺฉุช ู ุฏู ุณุงุช ูุฑูุดฺฏุงู. ุดุฑฺฉุช ุชูุฒู ุตุฏุฑ ฺฉ ุดุฑฺฉุช ุณูุช ูุณุชุด ุจุง ุณุงุนุงุช ฺฉุงุฑ ุซุงุจุช ู ูุฒุงุง ูุนููู. ูุฏุฑ ุนุงูู ูุฌููุนู ุขุฏู ุฎูุด ุฐููู ู ุงฺฏุฑ ุงุฏู ุฎูุจ ุฏุงุดุชู ุจุงุดู ุจุฑุง ูพุงุฏู ุณุงุฒ ุงูฺฉุงูุงุช ุฏุฑ ุงุฎุชุงุฑุชูู ูุฑุงุฑ ูุฏู.,https://jobguy.ir/review/113/%D9%85%D8%AF%DB%8C%D8%B1-%D9%88%D8%A8
0,ุฏุงุฏู ูุฑุฒ ุณุฏุงุฏ,"
            ุจุฑูุงูู ููุณ ุฌุงูุง ุฏุฑ ุชู ุจุงู
          ",ฺฉ ุชุฌุฑุจู ฺฉุงุฑ ุฎู ุฎูุจ ู ูุฐุช ุจุฎุดุ ุจุง ููฺฉุงุฑูุง ุฎูุจ ู ูุฏุฑ ฺฉู ุฏุฑฺฉ ู ููู ุจุงูุง ุฏุงุฑู. ุชู ุจุงู ฺฉ ฺฉ ฺฉุงููุง ุงุฌุงู ุจูุฏ ู ูุฏุฑ ุชู ุงุฒ ุชุฌุฑุจู ูู ุชุฑุณุฏ. ูุงูุนุง ฺฉ ุณุงู ุชุฌุฑุจู ูุฐุช ุจุฎุด ุฏุงุดุชู ู ุงุฒ ุจุฑูู ุงููุฏู ุงุฒ ุงู ุดุฑฺฉุช ูพุดูููู.,https://jobguy.ir/review/569/%D8%A8%D8%B1%D9%86%D8%A7%D9%85%D9%87-%D9%86%D9%88%DB%8C%D8%B3-%D8%AC%D8%A7%D9%88%D8%A7-%D8%AF%D8%B1-%D8%AA%DB%8C%D9%85-%D8%A8%D8%A7%D9%85
0,ููุงูพ,"
            ุจุฑูุงูู ููุณ ุฌุงูุง
          ",ูุณุงูู ุง ฺฉู ุฏุฑ ููุงูพ ุจูุฏ ู ุขูุฑุง ุจู ุฏฺฏุฑุงู ุชูุตู ููฺฉูู ูุฏุฑุช ุจุณุงุฑ ุจุฏ ููุงูพ ุจูุฏ ู ุนุฏู ุงูุฌุงู ุชุนูุฏุงุช ุงุฒ ุณู ูุฏุฑุช ุจูุฏ ฺฉู ุญุช ุงูุชูุงู ุงู ุชุฌุฑุจู ุจุฏ ุงุฒ ูุฏุฑุช ุจู ุฑุฏู ูุง ุจุงูุงุชุฑ ูู ุชุงุซุฑ ูุฏุงุดุช ู ุชุง ููู ุงูุฑูุฒ ุจุนุฏ ุงุฒ ุณุงููุง ุงุฒ ุฏูุณุชุงู ู ุณุงุฑู ูุดููู ฺฉู ููุงู ูุดฺฉูุงุช ู ููุงู ูุฏุฑุช ุถุนู ููฺูุงู ูพุง ุจุฑุฌุงุณุช.,https://jobguy.ir/review/693/%D8%A8%D8%B1%D9%86%D8%A7%D9%85%D9%87-%D9%86%D9%88%DB%8C%D8%B3-%D8%AC%D8%A7%D9%88%D8%A7
0,ุขุฑุดู ูุฏ,"
            ฺฉุงุฑุดูุงุณ ูู
          ",ู ุชููู ุจฺฏู ุจุฏุชุฑู ุชุฌุฑุจู ฺฉุงุฑ ุนูุฑู ุจูุฏ. ุจุฑูุงูู ููุณ ูุง ฺฉู ุงูู ุจุญุซ ฺฉุฑุฏู ู ุฎูุจ ฺฉุงุฑ ฺฉุฑุฏู ูุณุชู ุงุตูุง ูุฒุฏฺฉุดู ูุฑู ฺูู ฺฉ ูุฑุฏ ุจู ุดุฏุช ุนูุฏู ุง ุจู ุนููุงู ุณุฑูพุฑุณุช ุจุฎุด ูุณุฆููู ฺฉู ุงุฒ ุจุฎุด ูุง ุฏฺฏู ูู ุทุจู ูุนููู ูุฑููฺฏ ูุง ูุงุฒุดู ู ุฎุฑู ุงุตุทูุงุญุง.,https://jobguy.ir/review/383/%DA%A9%D8%A7%D8%B1%D8%B4%D9%86%D8%A7%D8%B3-%D9%81%D9%86%DB%8C
0,ฺฉุชุงูุช,NULL,"ุญุฏูุฏุง ูฺฉ ูฺฉูู ุฏู ูุงู ุงุฒ ูุตุงุญุจู ุชู ฺฉุชุงูุช ูฺฏุฐุฑู. ูุฑุงูุฏุดูู ณ ูุฑุญูู ุฏุงุดุช:โย ูุฑุญูู ุงูู ููุดุชู ฺฉ ฺฉุฏ ุจูุฏ ฺฉู ุจุฑุง ูู ฺฉ url shortener ุจูุฏ ุจุง ุฌุฒุงุช ุจุณุงุฑ ุฒุงุฏ ู ููุช ฺฏุฑ. (ุชู ูพุฑุงูุชุฒ ุงูู ุจฺฏู ฺฉู ูฺฉ ูฺฉูู ฺฉุฏู ุญุช ูฺฏุงูู ูุดุฏู ุจูุฏ ฺูู ูฺ ุณูุงู ุงุฒ ฺฉุฏู ูพุฑุณุฏู ูุดุฏ ุจูุงุจุฑุงู ุงฺฏุฑ ุดูุง ูู ุจู ูฺฉุฑ ูุตุงุญุจู ุจุง ุงู ุดุฑฺฉุช ูุณุชู ูฺ ฺฉุฏ ูููุณู ู ุตุฑูุง ู ูพุฑูฺู  ุฎุงู ุจุฑุงุดูู ุงุฑุณุงู ฺฉูู ู ฺฉู ููุชุชูู ุฑู ุชูู ูฺฉูู). ูุฑุญูู ุฏูู ูุตุงุญุจู  ุญุถูุฑ ู ูู ุจูุฏ ฺฉู ฺูู ูู ุณุงฺฉู ุงุตููุงู ุจูุฏู ุจุง ูุฑุญูู ุณูู ฺฉู ูุตุงุญุจู ุจุง ูุฏุฑุช ุจูุฏ ฺฉ ุดุฏ ู ูุทู ฺฉุฑุฏู ู ูุฑ ุฏู ุชุงุด ุฑู ุจุง ูู ุณุช ฺฉุฑุฏู. ุชู ุชุงุฑุฎ ููุฑุฑ ุดุฏู ุฎูุฏู ุฑู ุจู ุงููุฌุง ุฑุณููุฏู ู ุงููู ฺุฒ ฺฉู ุจุฑุงู ุฌุฐุงุจ ุจูุฏ ูุญุท ฺฉุงุฑ ููู ุงูุนุงุฏุด ุจูุฏ. ุจุนุฏ ุงุฒ ุญุฏูุฏ ฑต ุฏูู ู ุชุณุช ููุด ูพุฑ ฺฉุฑุฏู ู ุบูู ุจุงุฒ ูุงุฑุฏ ฺฉุงุฑ ุดุฏ ... ณ ุชุง ุงุฒ ูููุฏุณุง ูุฑู ุงูุฒุงุฑุดูู ุจุฑุง ูุตุงุญุจู  ูู ุงููุฏู ู ูุฑุตุช ููุณ ฺฉุดุฏู ุจู ูู ููุฏุงุฏู. ูุฑ ฺฉุฏูู ู ุณูุงู ููพุฑุณุฏ ู ููุจุช ุจุนุฏ ูุฑุณุฏ ู ูฺฉ ูฺฉูู ุญุฏูุฏ ฑ ุณุงุนุช ู ูู ุงุฒู ุณูุงู ูพุฑุณุฏู. ฺฉ ุงูฺฏูุฑุชู ฺฉ ูพุงุชูู ฺฉ ููุฏ ุฌ ุงุณ ฺฉ go ู ... ูุธุฑ ุดุฎุตู ุงูู ฺฉู ุจุดุชุฑ ูุฎูุงุณุชู  . ูุฑ ฺฉ ุณูุงู ุณุฎุช ุชุฑ ููพุฑุณุฏ ู ูู ุฑู ุจุดุชุฑ ฺฏุฌ ูฺฉุฑุฏ ุฎูู ุชุฑ ุฌููู ูฺฉุฑุฏ. ุฏุฑ ฺฉู ุงุณุชฺฉ ุขูฺูุงู ุฎูู ูู ูุฏุงุดุชู. ุฑฺฉูุฆุณุช ูุง ุจุงูุงุดูู ุฑู ุชุง ุงููุฌุง ฺฉู ูู ุฏุณุชฺฏุฑู ุดุฏ ุตุฑูุง ุจุง vertical scaling ููุฏู ูฺฉูู ูู ุฏุงฺฉุฑ ูู ฺฉูุจุฑูุชุฒ ูู ... ุจุนุฏ ุฎูุฑุฏู ู ฺุง ูู ุจูุงูฺฏุฐุงุฑ ุดุฑฺฉุช ุงููุฏ ุชู ุงุชุงู ู ุฏุฑ ฺฉูุงู ุชุนุฌุจ ูฺฉ ูฺฉูู ุฏุฑ ุญุฏูุฏ ฑฐ ุฏูู ููุท ุตุญุจุช ฺฉุฑุฏู. ูู ุตุญุจุช ุงุฒ ุญููู ฺฉุฑุฏู ูู ูุฒุงุง ู ูู ูฺ ู ูุตุงุญุจู ุจุง ุงู ููู ููู ุงุฒ ุงุดูู ุชููู ุดุฏ:โ "" ""ย ู ูฺฉ ูฺฉูู ฺฉู ูุชุฌู  ูุตุงุญุจู ุฑู ูุงุณู ูู ฺฉู ุตูุนุช ุงุตููุงู ุฏุฑุณ ุฎููุฏู ุฑู ูุชููุฏ ุญุฏุณ ุจุฒูุฏ. ุฏุฑ ฺฉู ุตุฑูุง ููุท ุงุฒ ุฏุฏ ฺฉ ุชุฌุฑุจู ฺฉุชุงูุช ุจุฑุงู ุดุฑฺฉุช ุฎูุจ ุจูุฏ ู ุงุฒ ููุช ู ูุฒูู ุง ฺฉู ฺฏุฐุงุดุชู ",https://jobguy.ir/interview/55/%DB%8C%DA%A9-%D8%AA%D8%AC%D8%B1%D8%A8%D9%87-%DB%8C-%D8%AE%D9%88%D8%A8
0,ูพฺฉุณูุฒ ุงูุฏ ฺฉุฏ,"
            ุชุฌุฑุจู ุจู ููุช ุฒูุงู
          ",ุญููุชุง ูู ุจุดุชุฑ ุจุง ุงู ุดุฑฺฉุช ุจู ุงู ุฎุงุทุฑ ููฺฉุงุฑ ฺฉุฑุฏู ฺฉู ุจุชููู ุงุฒ ุงุฑุงู ุจุฑู ุงูุง ุฎูุจ ุงู ููุท ู ุฏุฑ ุจุงุบ ุณุจุฒ ุจูุฏ ุชุง ูพุดุฑูุช. ูุญุท ุฏูุณุชุงูู ุง ุฏุงุฑู ุงูุง ุฎูุจ ูุดุงุฑ ฺฉุงุฑ ุจุงูุงุณุช ู ุฎู ููุช ูุฏุงุฑ ฺุฒุง ุฌุฏุฏ ุงุฏ ุจฺฏุฑ.ูู ุฎูุจ ุจุฑุง ฺฉุณ ฺฉู ุชุฌุฑุจู ฺฉุงุฑ ุจู ุงูููู ูุฏุงุฑู ุฎูุจู,https://jobguy.ir/review/671/%D8%AA%D8%AC%D8%B1%D8%A8%D9%87-%D8%A8%D9%87-%D9%82%DB%8C%D9%85%D8%AA-%D8%B2%D9%85%D8%A7%D9%86
0,ฺฉุชุงูุช,NULL,ูู ุชู ุณู ูุฑุญูู ูุตุงุญุจู ุดุฏู. ฺฉู ุงูุจุชู ุดุฎุต ุงูู ูุฑ ุณู ูุฑุญูู cto ุจูุฏ. ูุฑุญูู ุงูู ุณูุงูุงุช ฺฏููุงฺฏูู ุงุฒู ูพุฑุณุฏู ุดุฏ ู ุดูุงู ุจูุฏ. ุงุฒ ุงููุช ุชุง ูุงู ูุง ุดุจฺฉู ู ุจุฑูุงูู ููุณ ู .... ูููู ุฌูุณู ุจูู ฺฏูุชู ุฌูุณู ุจุนุฏ ููููู ฺฉุฏ ู ุจูู ู ุชู ุฌูุณู ููููู ฺฉุฏู ุฑู ูุดูู ุฏุงุฏู ู ฺูุฏ ุชุง ุณูุงูย ุฏฺฏู. ุขุฎุฑ ฺฉุงุฑ ุจูู ูพุดููุงุฏ ุฏุงุฏู ฺฉู ุจุงุดูู ููฺฉุงุฑ ฺฉูู ู ููุช ุฌูุงุจ ูุซุจุช ุฏุงุฏู ุจุงุฒ ูู ู ุจุงุฑ ุฏฺฏู ูุตุงุญุจู ฺฉุฑุฏู! ุฏ ุฑฺฉู ุจุฑุฎูุฑุฏ ูุง ุชู ูุตุงุญุจู ุฎู ุตูู ู ุญุฑูู ุง ุจูุฏ. ุณูุงูุงุช ุงุฒ ูุจุงุญุซ ฺฏููุงฺฏูู ู ุฏุฑ ุณุทูุญ ูุฎุชูู ูพุฑุณุฏู ู ุดุฏ.,https://jobguy.ir/interview/19/%D8%AD%D8%B1%D9%81%D9%87-%D8%A7%DB%8C-%D9%88-%D8%B3%D8%AE%D8%AA-%DA%AF%DB%8C%D8%B1
0,ุฏููฺฉุณ,"
            ู ูุงุฌุนู ฺฉู ุงุณู ุฑู ฺฏุฐุงุดุชู ุดุฑฺฉุช
          ",ุตุงุญุจ ู ูุฏุฑ ุดุฑฺฉุช ูุฑุฏ ุจ ุชุฌุฑุจู ู ุฌูุงู ฺฉู ุจู ูพุดุชูุงูู ูพูู ูพุฏุฑุ ู ุจุฒูุณ ุฑุงู ุงูุฏุงุฎุชูุ ุจุฏ ููู ู ุจุฏ ุนูุฏุ ฺฉู ุงฺฏุฑ ุจุชููู ุญุช ุดุฏู ูุฒุงุฑ ุชููู ุงุฒ ุญูููุชูู ฺฉู ฺฉููุ ุฌุงููุงุฒ ุขุจฺฉุด ูุง ุญุฑูู ุง! ุฑูุฒ ุงูู ุจู ุดูุง ูุนุฏู ู ูุนุฏูุง ุฒุงุฏ ู ุฏู ุงูุง ุฏุฑ ุขุฎุฑ ูฺ. ุงุตูุง ูุงุจู ุงุนุชูุงุฏ ูุณุชูุฏ.,https://jobguy.ir/review/459/%DB%8C%D9%87-%D9%81%D8%A7%D8%AC%D8%B9%D9%87-%DA%A9%D9%87-%D8%A7%D8%B3%D9%85-%D8%B1%D9%88-%DA%AF%D8%B0%D8%A7%D8%B4%D8%AA%D9%86-%D8%B4%D8%B1%DA%A9%D8%AA
0,ุงุฑุงู ุจุฒูุณ ุชุงู,"
            ุนุฏู ูพุฑุฏุงุฎุช ุญููู ุจู ูพุฑุณูู
          ",ุดุฑฺฉุช  ุง ููุท ฺฉุงุฑ ู ฺฉุดูุฏ ู ุญููู ูุฏุงุฑูุฏ ฺฉู ุจุฏููุฏ. ุจู ูู ูุนุงุฏู ต ูููู ุชููุงู ุง ต ููุชู ุจุฏูฺฉุงุฑ ูุณุชูุฏ. ฺฉุงุฑููุฏุงู ุจุด ุงุฒ ุณู ูุงู ุญููู ูฺฏุฑูุชูุฏ. ฺฉุงุฑููุฏุงู ฺฉู ูุฌููุนู ุฑุง ุชุฑฺฉ ฺฉุฑุฏู ุงูุฏ ูุฒ ุฏุฑุงูุช ูุฏุงุดุชูุฏ. ุจุฏุญุณุงุจ ูุณุชูุฏ. ููุท ฺฉุงุฑ ู ุฎูุงููุฏ ู ุณุฎุช ู ฺฏุฑูุฏ. ุชุนุงุฏู ฺฉุงุฑ ูุฌูุฏ ูุฏุงุฑูุฏ.ย,https://jobguy.ir/review/410/%D8%B9%D8%AF%D9%85-%D9%BE%D8%B1%D8%AF%D8%A7%D8%AE%D8%AA-%D8%AD%D9%82%D9%88%D9%82-%D8%A8%D9%87-%D9%BE%D8%B1%D8%B3%D9%86%D9%84
0,ูุฑุงูุด,"
            ุฎูุจ ุจูุฏุ ุฎู ุจุฏ ุดุฏ
          ",ุณุงู ุงูู ููฺฉุงุฑโููู ุฎู ุฎูุจ ุจูุฏุ ูู ูุฏุฑุช ุงูุชุถุงุญ ุจูุฏุ ูุฑ ุงูุชูุงุฏ ุฑู ุจุง ูุณุฎุฑู ฺฉุฑุฏู ู ุชฺฉู ุงูุฏุงุฎุชู ุฌูุงุจ ูุฏุงุฏุ ููู ุดุฏ ุจุนุฏ ู ูุฏุช ูฺฺฉุณ ุฏูุด ููโุฎูุงุณุช ุงููุฌุง ุจุงุดูุ ุงฺฏู ูุฏุฑุงุฑู ูุงฺฉุชูุฑ ุจฺฏุฑ ูฺ ฺฉุงุฑููุฏ ฒ ุณุงู ูุจูุฏ ฺฉู ูุฏุงู ุจุงูุงุดูู ฺฉุงุฑ ฺฉุฑุฏู ุจุงุดู ุจูฺฉู ุดุฑฺฉุช ุณุฑุน ูุฑู ูฺฏุฑูุช ูู ุณุฑุน ูู ูุฑูุชูุ ุฎูุฏูู ุจู ุณุฎุช ุงุณุชุนุบุง ุฏุงุฏูุ ูู ุฎุจ ูุนูุง ฺฉู ุฏฺฏู ูุณุชูุฏ. ุฎูุงุตู ฺฉู ุฎุงุทุฑุงุช ุฎูุจ ู ุจุฏ ุจุง ูุฑุงูุด ุฏุงุฑูุ ูู ุฏุฑฺฉู ุจุฑุงู ุนุฒุฒู.,https://jobguy.ir/review/52/%D8%AE%D9%88%D8%A8-%D8%A8%D9%88%D8%AF-%D8%AE%DB%8C%D9%84%DB%8C-%D8%A8%D8%AF-%D8%B4%D8%AF
0,ฺฉุงูุงูุฑุฒุด,"
            ุนุฏู ูพุฑุฏุงุฎุช ุญู ู ุญููู
          ",ุงู ูุฌููุนู ูุฏุฑุช ุจุณุงุฑ ุถุนูุ ฺฉ ุฏูุฏูุุฏูุจุงู ุงุฑุงุฏ ุงูฺฉุ ูุบุฑูุฑ ู ุจ ุงุทูุงุน ุงุฒ ูุจุงุญุซ ุจุฑูุงูู ููุณ ุฏุงุฑู. ุจูุฏู ุจุฑูุงูู ููุณ ุณุงุชุดูู ุจูุฏู ู ุจู ุตูุฑุช ูพุฑูฺู ุง ุจุงูุงุดูู ููฺฉุงุฑ ูฺฉุฑุฏู ู ุฏุฑ ุขุฎุฑ ฺฉู ูพุฑูฺู ุฑุง ฺฉุงูู ุชุญูู ุฏุงุฏู ุจุฎุงุทุฑ ฺูุฏุชุง ุงุฑุงุฏ ุจุณุงุฑ ฺฉูฺฺฉ ุฏุฑ ุธุงูุฑ ุณุงุช ุญุฏูุฏ ูุตู ูุจูุบ ูพุฑูฺู ุฑุง ุจู ุจูุฏู ุฑุง ูพุฑุฏุงุฎุช ูฺฉุฑุฏ.ูุชุงุณูุงูู ุจู ุฏูู ุนุฏู ุงุทูุงุน ุงุฒ ูุณุงุฆู ุญููู ู ูุฑุงุฑุฏุงุฏ (ุจุดุชุฑ) ฺฉุทุฑูู ุง ฺฉู ุจุง ูู ุจุณุชู ุจูุฏ ูุชูุงูุณุชู ุญู ู ุญูููู ุฑุง ุจฺฏุฑู. ุงุตู ุชูุตู ููฺฉูู,https://jobguy.ir/review/206/%D8%B9%D8%AF%D9%85-%D9%BE%D8%B1%D8%AF%D8%A7%D8%AE%D8%AA-%D8%AD%D9%82-%D9%88-%D8%AD%D9%82%D9%88%D9%82
0,ุดุฑฺฉุช ูููุฏุณ ู ุงูู ุดุจฺฉู ุฏฺูพุงุฏ,"
            ฺฉุงุฑุดูุงุณ ุดุจฺฉู
          ",ุจุณุงุฑ ุฑูุชุงุฑ ูุฏุฑุช ุจุง ฺฉุงุฑููุฏุงู ุจุฏ ู ุจู ุฏุฏ ุจุฑุฏู ูฺฏุงู ู ฺฉููุฏ ู ุณุฑ ูุฑ ููุถูุน ฺฉูฺฺฉ ฺฉุณุฑ ุญููู ุงูุฌุงู ู ุฏู ูุญุท ฺฉุงุฑ ุงุฒ ูุธุฑ ุจูุฏุงุดุช ุจุณุงุฑ ฺฉุซู ุงุถุงูู ฺฉุงุฑ ููุฏู ูุฒูู ุงุณููพ ุฑู ูู ุฏู ูุฒูู ูุงููุฑุช ูู ุฏู  ฺฉูุง ุดุฑฺฉุช ูฺ ูุณูุช ุชุญุช ุนููุงู ููุงุจุน ุงูุณุงู ูุฏุงุฑุฏ ุจุดุชุฑ ุดุจู ุจู ูุบุงุฒู ุงุณุช ุชุง ุดุฑฺฉุช,https://jobguy.ir/review/565/%DA%A9%D8%A7%D8%B1%D8%B4%D9%86%D8%A7%D8%B3-%D8%B4%D8%A8%DA%A9%D9%87
0,ุงุฑฺฉุฏ ูุงุฑูุฏ,"
            ุณุฑุจุงุฒ ุฎููู
          ",ูู ุฏุฑ ุงู ุดุฑฺฉุช ุฏุฑ ุจุฎุด it ุดุฑฺฉุช ฺฉุงุฑ ฺฉุฑุฏู ุจุณุงุฑ ูุฏุฑ ุฎุดฺฉ ุฏุงุฑู ู ููุท ฺฉุงุฑ ุฒุงุฏ ุจุฑุงุดูู ูููู ู ุณุงุนุช ฺฉุงุฑ ุฒุงุฏ ูพุฑ ฺฉุฑุฏู ุญูููุด ุจู ูููุน ุจูุฏ ูู ูุญุท ฺฉุงุฑ ุจุณุงุฑ ูพุฑ ุงุณุชุฑุณ ู ุจุงุฒุฎูุงุณุช ุฒุงุฏ ูุฏุฑุนุงูู ุดุฑฺฉุช ูู ฺูุฏู ุจุงุฑ ุฏุนูุง ุดุฏ ุจุง ฺฉุงุฑููุฏุงู ูุณุท ุณุงูู ู ุจุฏ ุฏูู ุฒุงุฏ ูู ูฺฉุฑุฏู ฺฉูุง ุฎู ูุญุท ุฎุดฺฉ ุฏุงุฑู ุงูู ฺฉู ูุงุฑุฏ ูุด ุจุณุงุฑ ุดุฑฺฉุช ุจุง ฺฉูุงุณ ุจู ูุธุฑ ูุงุฏ ูู ุจุนุฏ ูููู ุชููุง ฺุฒ ฺฉู ุจุฑุงุดูู ููู ูุณุช ุงุญุชุฑุงู ุจู ฺฉุงุฑููุฏุงู ูุณุช ู ฺูู ูพุฒุดฺฉ ูุณุชู ูุฏุฑุงู ู ุฏฺฉุชุฑุง ุฏุงุฑู ุณุงุฒ ูฺฏุงู ุงุฒ ุจุงูุง ุจู ูพุงู ุฒุงุฏ ูุจู ุชูุดย,https://jobguy.ir/review/394/%D8%B3%D8%B1%D8%A8%D8%A7%D8%B2-%D8%AE%D9%88%D9%86%D9%87
0,ุณูพุฏ ุณุณุชู,"
            ุจุฑุง ูพุดุฑูุช ุฌุง ุฎูุจู
          ",ูุฏุช 1 ูุงู ูุดุบูู ุจู ฺฉุงุฑ ุดุฏู ูุญุท ุขุฑูู ุจุฑุง ฺฉุงุฑ ูุณุช ฺฉุงุฑ ุจุง ุงูฺฉู ุญุณุงุณ ูุณุช ุงูุง ูุดุงุฑ ฺฉุงุฑ ุดุฏุฏ ูุณุช ูุฏุฑ ูุง ุฎูุจ ุจุงูุง ุณุฑ ุชู ูุณุชย ุจุงุชูุฌู ุจู ุดุฑุงุท ฺฉุฑููุง ุฏูุฑ ฺฉุงุฑ ูุณุช ููุท 2 ุฑูุฒ ูุฑ ุชู ุจุฑุง ููุงููฺฏ ูุงุฏ ุดุฑฺฉุชย,https://jobguy.ir/review/521/%D8%A8%D8%B1%D8%A7%DB%8C-%D9%BE%DB%8C%D8%B4%D8%B1%D9%81%D8%AA-%D8%AC%D8%A7%DB%8C-%D8%AE%D9%88%D8%A8%DB%8C%D9%87
0,ูุจ ูพุงุฑุณ,"
            ูุญุท ุฏูุณุชุงูู
          ",ูุญุท ุฏูุณุชุงูู ู ุฎูุจ ุจูุฏุ ูู ฺฉ ูพุฑูฺู ุจุฑุงุดูู ุงูุฌุงู ุฏุงุฏู ูู ุจุนุฏ ุงูุฌุงู ุญุฏูุฏ ฺูุงุฑ ูพูุฌ ูุงู ุทูู ฺฉุดุฏ ุชุง ฺฉุงูู ุชุณูู ฺฉูู,https://jobguy.ir/review/13/%D9%85%D8%AD%DB%8C%D8%B7-%D8%AF%D9%88%D8%B3%D8%AA%D8%A7%D9%86%D9%87
0,ูพุดฺฏุงูุงู ููุงูุฑ ุงุทูุงุนุงุช ฺฉูฺฉุดุงู,NULL,ุจูุฏู ุจุนุฏ ุงุฒ ุงุฑุณุงู ุฑุฒููู ู ุชูุงุณุย ุจุฑุง ูุตุงุญุจู ูุฑุงุฌุนู ฺฉุฑุฏูย ููุฏุงุฑ ุทูู ฺฉุดุฏ ุชุง ุชุดุฑู ุงูุฑุฏู ู ุชู ุงุชุงู ููุชุธุฑ ูููุฏู. ุจุนุฏ ฺฉู ุชุดุฑู ุงูุฑุฏู ุฑูุชุงุฑ ูุญุชุฑูุงูู ู ุฎูุจ ุฏุงุดุชู . ุดุฑฺฉุช ฺฉุงููุง ุฎุงู ุจูุฏ ู ููุท ููุด ุญุถูุฑ ุฏุงุดุชย ุจู ุฏูู ูพุฑุงฺฉูุฏฺฏ ูุฑูุณ ฺฉุฑููุง ุฌุฏุฏ ... ุจุนุฏ ุงุฒ ฺฉู ูุนุฑู ู ุดุฑุญ ูุนุงูุชู ูุชูุฌู ุดุฏู ุดุฎุต ูุตุงุญุจู ฺฉููุฏู ุงุญุชูุงูุง ูุฏุฑ ูุณุช ู ุชุฎุตุต ุจุฑูุงูู ููุณ ูุฏุงุฑู. ุงูุชุธุงุฑ ุฏุงุดุชู ฺฉู ุญุฏุงูู ฺฉ ูุชุฎุตุต ูู ุญุถูุฑ ุฏุงุดุชู ุจุงุดู ุชุง ูุชูุฌู ุณุทุญู ุจุดู . ุจู ุจูุฏู ฺฏูุชู ุงุญุชูุงูุง ฺฉ ูุตุงุญุจู ุฏฺฏุฑ ูู ุชุฑุชุจ ุจุฏู ู ุฏุฑ ูุตุงุญุจู ุฏูู ุญุถูุฑ ุฏุงุดุชู ุจุงุดู . ุจู ูุธุฑู ุจูุชุฑ ุจูุฏ ุฏุฑ ฺฉ ุฌูุณู ุงูุฌุงู ู ุดุฏ ุง ุจู ุชุนูู ู ุงูุฏุงุฎุชู ุชุง ุงูฺฉู ุงู ฺฉุงุฑ ุจุดู,https://jobguy.ir/interview/74/%D9%85%D8%B5%D8%A7%D8%AD%D8%A8%D9%87-%D8%A8%D8%AF%D9%88%D9%86-%D8%AD%D8%B6%D9%88%D8%B1-%D9%81%D8%B1%D8%AF-%D9%85%D8%AA%D8%AE%D8%B5%D8%B5
0,ุงุฑุงู ูุชู ุขููุงู,"
            ูุญุท ุนุงู ุจุฑุง ุฑุดุฏ
          ","ุงุฒ ุชุฌุฑุจู ุณุงููุงุฆ ฺฉู ุฏุฑ ุงู ุดุฑฺฉุช ฺฉุงุฑ ู ฺฉุฑุฏู , ููุดู ุญุณ ุฎูุจ ุฑุง ุจู ุฎุงุทุฑ ู ุขูุฑู. ูุธูู ุฎูุฏู ุฏุฏู ุงูุฌุง ุจููุณู",https://jobguy.ir/review/127/%D9%85%D8%AD%DB%8C%D8%B7%DB%8C-%D8%B9%D8%A7%D9%84%DB%8C-%D8%A8%D8%B1%D8%A7%DB%8C-%D8%B1%D8%B4%D8%AF
0,ุชููู ฺฉุณุงู,"
            ฺฉุงุฑููุฏ ูุฑูุด
          ",ุดุฑฺฉุช ูุฑูุด ุจุง ุงูฺฉุงู ุฑุดุฏ ู ูพุดุฑูุช ูุฑุงูุงู ู ฺฉุณุจ ุฏุฑุงูุฏ ุนุงู ุจุง ูุญุท ุงุฑููู,https://jobguy.ir/review/170/%DA%A9%D8%A7%D8%B1%D9%85%D9%86%D8%AF-%D9%81%D8%B1%D9%88%D8%B4
0,ูพุดฺฏุงูุงู ููุงูุฑ ุงุทูุงุนุงุช ฺฉูฺฉุดุงู,"
            ูุฑููฺฏ ฺฉุงุฑ ุจุณุงุฑ ูพุงู
          ",ุจู ุนููุงู ุชูุณุนู ุฏููุฏู ุฏุฑ ุงู ุดุฑฺฉุช ูุดุบูู ุจู ฺฉุงุฑ ุจูุฏูุ ุจู ุนูุช ุชุฌุงุฑุจ ุจูุฏู ุจุณุงุฑ ูุดุชุงู ุจู ุนูุฏ ูุฑุงุฑุฏุงุฏ ูุจู ุงุฒ ูพุงุงู ุชูุงูู ุฏู ููุชู ุง ุจุฑุง ุดูุงุฎุช ุจูุฏูุฏ. ยุจุนุฏ ุงุฒ ุญุถูุฑ ฺฉ ูุงู ูุชูุฌู ุดุฏู ูพุฑุฏุงุฎุช ุญููู ุจุง ฺฉ ูุงู ุชุงุฎุฑ ู ุจุตูุฑุช ุฏุณุช ูุณุช. ูพุงู ฺฉุงุฑููุฏุงู ุชุงุฒู ูุงุฑุฏ ุจู ูุฌููุนู ุญุฏุงูู ุญููู ูุณุช ุจุฏูู ุชูุฌู ุจู ุณุงุจูู ู ููุงุฑุช. ุงุฏุงูู ุญููู ุชูุงูู ุจุตูุฑุช ุฏุณุช ุงุณุช ู ุจู ูฺ ุนููุงู ูุงุฑุฒ ููุดูุฏ ู ุจู ฺฏูุชู ุดุฑฺฉุช ูพุณ ุงุฒ ฺฉ ูุงู ูพุฑุฏุงุฎุช ูุดู ฺฉู ุนููุง ุงูุทูุฑ ูุณุช ู ุญุช ุชุงุฎุฑ ณ ูุงูู ูู ุฏุฑ ูพุฑุฏุงุฎุช ูุง ูุฌูุฏ ุฏุงุฑุฏโ ูุฑููฺฏ ฺฉุงุฑ ุจุณุงุฑ ูพุงูุ ุนุฏู ูพุงุณุฎฺฏู ุชู ูุฏุฑุช ุจู ูุดฺฉูุงุช ฺฉุงุฑููุฏุงูุ ุจุงุฒุฎูุงุณุช ุจุงุจุช ุชุงุฎุฑ ุฏุฑ ูุฑูุฏ ุจู ุดุฑฺฉุช ู ฺฉูุชุฑู ุดุฏุฏ ุฒูุงู ุตุฑู ููุงุฑ ู ุตุจุญุงููุ ฺฉูุชุฑู ุฏูุฑุจู ูุง ู ุจุงุฒุฎูุงุณุช ุจุงุจุช ุชุนุงูู ุจุง ุฏฺฏุฑ ููฺฉุงุฑุงูุ ุนุฏู ูุญุงุณุจู ุฏูู ุญู ู ุญููู ู ฺฉุณุฑ ุญููู ูุงูุงูู ุจู ฺฉุฑุงุช ุจู ุฏูุงู ูุฎุชูู. ุงุฎุฑุงุฌ ฺฉุงุฑููุฏุงู ุจู ุนูุช ุงุนุชุฑุงุถ ุจู ุนุฏู ูพุฑุฏุงุฎุช ุญูููุ ุจู ููู ุนูุช ูููุงุฑู ุจุง ฺฉูุจูุฏ ูุฑู ููุงุฌู ูุณุชูุฏ. ยุชููุน ูุงุจู ุฌุง ุฏุฑ ุงูุฌุงู ุชุณฺฉ ูุง ุจู ุตูุฑุช ฺฉู ฺฉุงุฑููุฏุงู ุชุง ฑฑ ุดุจ ููุธู ุจู ุญุถูุฑ ุฏุฑ ุดุฑฺฉุช ูุณุชูุฏ. ุณุณุชู ูุงูุฏ ูุฑฺฏููู ุชุดูู ู ุจู ุนูุช ูุญุชูุง ูพุฑุฏุงุฎุช ุจุฑูุงูู ูุง ุดุฑฺฉุช ุชูุงู ูพุฑุฏุงุฎุช ูุง ููฺฏุงู ุชุณุช ูุฑู ุงูุฒุงุฑ ุงุฒ ฺฉุงุฑุช ุดุฎุต ุชูุณุนู ุฏููุฏู ุงุณุช ู ุจุงุฒ ูพุฑุฏุงุฎุช ุงุฒ ุทุฑู ุดุฑฺฉุช ูุฌูุฏ ูุฏุงุฑุฏ. ููฺูู ุนุฏู ุชูุฌู ุจู ุณุงุจูู ู ููุงุฑุช ฺฉุงุฑููุฏุงู ุงุฒ ุณูุช ุชู ูุฏุฑุช. ุจู ูฺ ุนููุงู ฺฉุงุฑ ุฏุฑ ุงู ูุฌููุนู ุฑู ุจู ฺฉุณ ูพุดููุงุฏ ููฺฉูู.,https://jobguy.ir/review/700/%D9%81%D8%B1%D9%87%D9%86%DA%AF-%DA%A9%D8%A7%D8%B1%DB%8C-%D8%A8%D8%B3%DB%8C%D8%A7%D8%B1-%D9%BE%D8%A7%DB%8C%DB%8C%D9%86
0,ุณูุฏฺฉุณ,"
            ฺฉุงุฑุขููุฒ ุดุฑฺฉุช
          ",ุจู ุนููุงู ฺฉุงุฑุขููุฒ ูุญุท ูพูุง ู ุฎูุจ ุฏุงุดุช. ุจุฑุฎูุฑุฏ ูุง ุฎูุจ ุจูุฏ ู ฺฉุงุฑูุง ุฌุงูุจ ู ุนูู ุง(ุงุฒ ุญุซ ูููุฏุณ ูู ูุฒฺฉ ู... ) ุงูุฌุงู ูุดุฏ. ูุฏุฑุช ููุทู ู ุฎูุจ ุจุฑุฎูุฑุฏ ูฺฉุฑุฏย ุจุง ุงูฺฉู ููุงุฒ ูู ุจูุฏ ูู ุงุฌุจุงุฑ ุงุฒ ุจุงุจุช ุฎููุฏู ููุงุฒ ูุจูุฏ (ููุธูุฑ ุฌู ููู ุงุฒ ูุฎููุฏู) ุฏุฑ ฺฉู ุฎูุด ฺฏุฐุดุช ู ุฏูุฑู ุฎูุจ ุจูุฏ ุจู ุนููุงู ฺฉุงุฑุขููุฒ ฺฉู ุฎูุจ ุจูุฏ ู ุฏุฑฺฏุฑ ุจุฎุด ุงุฒ ฺฉุงุฑ ุจูุฏู ู ุจุฑุง ุญุฏุงูู ฺฉุงุฑุขููุฒ ุจูุฏู ุชูุตู ูุดู,https://jobguy.ir/review/657/%DA%A9%D8%A7%D8%B1%D8%A2%D9%85%D9%88%D8%B2-%D8%B4%D8%B1%DA%A9%D8%AA
0,ููุฑ ุฑุงุงูู ุชุญุฑุฑ,"
            ูุฏุฑุช ุถุนู
          ",ุจุฒุฑฺฏุชุฑู ูุดฺฉู ุงู ุดุฑฺฉุช ุ ูุฏุฑุช ุจู ุดุฏุช ุถุนู ู ุฏูุงู ุจู ุจูุฏ .ุญููู ูุง ุจู ูููุน ูพุฑุฏุงุฎุช ููุดุฏ . ุจู ุญุฑููุง ฺฉู ุฒุฏู ูุดุฏ ูุชุนูุฏ ูุจูุฏูย,https://jobguy.ir/review/291/%D9%85%D8%AF%DB%8C%D8%B1%DB%8C%D8%AA-%D8%B6%D8%B9%DB%8C%D9%81
0,ฺฉุชุงูุช,"
            ุฌูุง ูุงู
          ",ุฌูุน ุงุฒ ุฌูุงูุงู ฺฉู ุงุฒ ูุธุฑ ูู ุชู ุฎูุจ ุจูุฏู. ูุญุท ุฏูุณุชุงูู ู ุฎูุด ุจุฑุฎูุฑุฏ ุฏุงุดุชู. ุงุฒ ุจุฑูุฒ ุชุฑู ุชฺฉููููฺ ูุง ุงุณุชูุงุฏู ูฺฉุฑุฏู ูู ุงุฒ ูุธุฑ ุณุฎุช ุงูุฒุงุฑ ุณุณุชู ูุง ูุชูุณุท ุฏุงุดุชู. ุณุงุนุงุช ฺฉุงุฑ ุจุงูุง ุจูุฏ. ุชููุง ุนุจ ฺฉู ูู ุฏุฏู ุงู ุจูุฏ ฺฉู ุจุดุชุฑ ุงุฒ ุงูู ฺุฒ ฺฉู ุจูุฏู ุงุฏุนุง ูฺฉุฑุฏู.,https://jobguy.ir/review/214/%D8%AC%D9%88%DB%8C%D8%A7%DB%8C-%D9%86%D8%A7%D9%85
0,ุงุณููพ ูุงุฑฺฉุช,"
            ฺฉุงุฑุดูุงุณ ูู
          ",ูู ุจุฑุง ุฏูุฑู ุขุฒูุงุด ุงูุฌุง ุจูุฏู. ุจุง ูุฌูุฏ ุชฺฉูู ุชุณฺฉ ูุง ุจุนุฏ ุงุฒ ฒ ูุงู ฺฏูุชู ฺฉู ูุง ุงุฒ ุงุฏุงูู ููฺฉุงุฑ ูุนุฐูุฑู ู ุจูุงูู ุขูุฑุฏู. ุงูุจุชู ฺูุฏ ุจุงุฑ ุจูู ุงุนุถุง ฺฉู ูุฏุฑ ุจูุฏู ุจุฏ ุตุญุจุช ฺฉุฑุฏู ู ุฌูุงุจุดููู ฺฏุฑูุชู. ุฏุฑ ฺฉู ุฎู ุฌู ูุณููู ู ุจุฏ ุฏุงุฑู!!! ุงุตุทูุงุญุง ูุฏุฑุงู ูฺฉุฑ ู ฺฉูู ุฎู ุฎุจุฑู. ุงฺฏุฑ ุฏูุช ฺฉูุฏ ุขฺฏู ุจุฑุง Backed-End ุงู ุดุฑฺฉุช ููุดู ูุนุงูู!!!,https://jobguy.ir/review/408/%DA%A9%D8%A7%D8%B1%D8%B4%D9%86%D8%A7%D8%B3-%D9%81%D9%86%DB%8C
